<application>
  <component name="libraryTable">
    <library name="Python 3.6 interpreter library">
      <CLASSES>
        <root url="file:///nix/store/80qway46fd1mj67jq1qwlkzdbj9sg0kj-python3-3.6.8/lib/python3.6" />
        <root url="file:///nix/store/80qway46fd1mj67jq1qwlkzdbj9sg0kj-python3-3.6.8/lib/python3.6/lib-dynload" />
        <root url="file://$USER_HOME$/.local/lib/python3.6/site-packages" />
        <root url="file:///nix/store/80qway46fd1mj67jq1qwlkzdbj9sg0kj-python3-3.6.8/lib/python3.6/site-packages" />
        <root url="file://$USER_HOME$/.IntelliJIdea2019.1/system/python_stubs/1480834034" />
        <root url="file://$APPLICATION_PLUGINS_DIR$/python/helpers/python-skeletons" />
        <root url="file://$APPLICATION_PLUGINS_DIR$/python/helpers/typeshed/stdlib/3" />
        <root url="file://$APPLICATION_PLUGINS_DIR$/python/helpers/typeshed/stdlib/2and3" />
        <root url="file://$APPLICATION_PLUGINS_DIR$/python/helpers/typeshed/third_party/3" />
        <root url="file://$APPLICATION_PLUGINS_DIR$/python/helpers/typeshed/third_party/2and3" />
      </CLASSES>
      <JAVADOC />
      <SOURCES>
        <root url="file:///nix/store/80qway46fd1mj67jq1qwlkzdbj9sg0kj-python3-3.6.8/lib/python3.6" />
        <root url="file:///nix/store/80qway46fd1mj67jq1qwlkzdbj9sg0kj-python3-3.6.8/lib/python3.6/lib-dynload" />
        <root url="file://$USER_HOME$/.local/lib/python3.6/site-packages" />
        <root url="file:///nix/store/80qway46fd1mj67jq1qwlkzdbj9sg0kj-python3-3.6.8/lib/python3.6/site-packages" />
        <root url="file://$USER_HOME$/.IntelliJIdea2019.1/system/python_stubs/1480834034" />
        <root url="file://$APPLICATION_PLUGINS_DIR$/python/helpers/python-skeletons" />
        <root url="file://$APPLICATION_PLUGINS_DIR$/python/helpers/typeshed/stdlib/3" />
        <root url="file://$APPLICATION_PLUGINS_DIR$/python/helpers/typeshed/stdlib/2and3" />
        <root url="file://$APPLICATION_PLUGINS_DIR$/python/helpers/typeshed/third_party/3" />
        <root url="file://$APPLICATION_PLUGINS_DIR$/python/helpers/typeshed/third_party/2and3" />
      </SOURCES>
    </library>
  </component>
</application>