<application>
  <component name="libraryTable">
    <library name="@types/jest" type="javaScript">
      <CLASSES />
      <JAVADOC />
      <SOURCES />
    </library>
    <library name="Pipenv (ebay) interpreter library">
      <CLASSES />
      <JAVADOC />
      <SOURCES />
    </library>
    <library name="Pipenv (function-auth-csv) interpreter library">
      <CLASSES>
        <root url="file:///usr/lib/python3.7" />
        <root url="file:///usr/lib/python3.7/lib-dynload" />
        <root url="file://$USER_HOME$/.local/share/virtualenvs/function-auth-csv-ywIVGFQ7/lib/python3.7/site-packages" />
        <root url="file://$USER_HOME$/.cache/JetBrains/IntelliJIdea2020.1/python_stubs/-1064807130" />
        <root url="file://$APPLICATION_PLUGINS_DIR$/python/helpers/python-skeletons" />
        <root url="file://$APPLICATION_PLUGINS_DIR$/python/helpers/typeshed/stdlib/3.7" />
        <root url="file://$APPLICATION_PLUGINS_DIR$/python/helpers/typeshed/stdlib/3" />
        <root url="file://$APPLICATION_PLUGINS_DIR$/python/helpers/typeshed/stdlib/2and3" />
        <root url="file://$APPLICATION_PLUGINS_DIR$/python/helpers/typeshed/third_party/3" />
        <root url="file://$APPLICATION_PLUGINS_DIR$/python/helpers/typeshed/third_party/2and3" />
      </CLASSES>
      <JAVADOC />
      <SOURCES>
        <root url="file:///usr/lib/python3.7" />
        <root url="file:///usr/lib/python3.7/lib-dynload" />
        <root url="file://$USER_HOME$/.local/share/virtualenvs/function-auth-csv-ywIVGFQ7/lib/python3.7/site-packages" />
        <root url="file://$USER_HOME$/.cache/JetBrains/IntelliJIdea2020.1/python_stubs/-1064807130" />
        <root url="file://$APPLICATION_PLUGINS_DIR$/python/helpers/python-skeletons" />
        <root url="file://$APPLICATION_PLUGINS_DIR$/python/helpers/typeshed/stdlib/3.7" />
        <root url="file://$APPLICATION_PLUGINS_DIR$/python/helpers/typeshed/stdlib/3" />
        <root url="file://$APPLICATION_PLUGINS_DIR$/python/helpers/typeshed/stdlib/2and3" />
        <root url="file://$APPLICATION_PLUGINS_DIR$/python/helpers/typeshed/third_party/3" />
        <root url="file://$APPLICATION_PLUGINS_DIR$/python/helpers/typeshed/third_party/2and3" />
      </SOURCES>
    </library>
    <library name="Pipenv (function-new) interpreter library">
      <CLASSES>
        <root url="file://$USER_HOME$/.pyenv/versions/3.6.6/lib/python3.6" />
        <root url="file://$USER_HOME$/.pyenv/versions/3.6.6/lib/python3.6/lib-dynload" />
        <root url="file://$USER_HOME$/.local/share/virtualenvs/function-new-bjtxxMZN/lib/python3.6/site-packages" />
        <root url="file://$USER_HOME$/.cache/JetBrains/IntelliJIdea2020.1/python_stubs/-1441229854" />
        <root url="file://$APPLICATION_PLUGINS_DIR$/python/helpers/python-skeletons" />
        <root url="file://$APPLICATION_PLUGINS_DIR$/python/helpers/typeshed/stdlib/3" />
        <root url="file://$APPLICATION_PLUGINS_DIR$/python/helpers/typeshed/stdlib/2and3" />
        <root url="file://$APPLICATION_PLUGINS_DIR$/python/helpers/typeshed/third_party/3" />
        <root url="file://$APPLICATION_PLUGINS_DIR$/python/helpers/typeshed/third_party/2and3" />
      </CLASSES>
      <JAVADOC />
      <SOURCES>
        <root url="file://$USER_HOME$/.pyenv/versions/3.6.6/lib/python3.6" />
        <root url="file://$USER_HOME$/.pyenv/versions/3.6.6/lib/python3.6/lib-dynload" />
        <root url="file://$USER_HOME$/.local/share/virtualenvs/function-new-bjtxxMZN/lib/python3.6/site-packages" />
        <root url="file://$USER_HOME$/.cache/JetBrains/IntelliJIdea2020.1/python_stubs/-1441229854" />
        <root url="file://$APPLICATION_PLUGINS_DIR$/python/helpers/python-skeletons" />
        <root url="file://$APPLICATION_PLUGINS_DIR$/python/helpers/typeshed/stdlib/3" />
        <root url="file://$APPLICATION_PLUGINS_DIR$/python/helpers/typeshed/stdlib/2and3" />
        <root url="file://$APPLICATION_PLUGINS_DIR$/python/helpers/typeshed/third_party/3" />
        <root url="file://$APPLICATION_PLUGINS_DIR$/python/helpers/typeshed/third_party/2and3" />
      </SOURCES>
    </library>
    <library name="Pipenv (product-hub-workflow-management) interpreter library">
      <CLASSES>
        <root url="file://$USER_HOME$/.local/share/virtualenvs/product-hub-workflow-management-mK6kI22Y/lib/python3.7" />
        <root url="file://$USER_HOME$/.local/share/virtualenvs/product-hub-workflow-management-mK6kI22Y/lib/python3.7/lib-dynload" />
        <root url="file:///nix/store/nlgrx0cl1l87nx0w660lb3jksn9jdca9-python3-3.7.6/lib/python3.7" />
        <root url="file://$USER_HOME$/.local/share/virtualenvs/product-hub-workflow-management-mK6kI22Y/lib/python3.7/site-packages" />
        <root url="file:///nix/store/nlgrx0cl1l87nx0w660lb3jksn9jdca9-python3-3.7.6/lib/python3.7/site-packages" />
        <root url="file://$USER_HOME$/.cache/JetBrains/IntelliJIdea2020.1/python_stubs/-1793031240" />
        <root url="file://$APPLICATION_PLUGINS_DIR$/python/helpers/python-skeletons" />
        <root url="file://$APPLICATION_PLUGINS_DIR$/python/helpers/typeshed/stdlib/3.7" />
        <root url="file://$APPLICATION_PLUGINS_DIR$/python/helpers/typeshed/stdlib/3" />
        <root url="file://$APPLICATION_PLUGINS_DIR$/python/helpers/typeshed/stdlib/2and3" />
        <root url="file://$APPLICATION_PLUGINS_DIR$/python/helpers/typeshed/third_party/3" />
        <root url="file://$APPLICATION_PLUGINS_DIR$/python/helpers/typeshed/third_party/2and3" />
      </CLASSES>
      <JAVADOC />
      <SOURCES>
        <root url="file://$USER_HOME$/.local/share/virtualenvs/product-hub-workflow-management-mK6kI22Y/lib/python3.7" />
        <root url="file://$USER_HOME$/.local/share/virtualenvs/product-hub-workflow-management-mK6kI22Y/lib/python3.7/lib-dynload" />
        <root url="file:///nix/store/nlgrx0cl1l87nx0w660lb3jksn9jdca9-python3-3.7.6/lib/python3.7" />
        <root url="file://$USER_HOME$/.local/share/virtualenvs/product-hub-workflow-management-mK6kI22Y/lib/python3.7/site-packages" />
        <root url="file:///nix/store/nlgrx0cl1l87nx0w660lb3jksn9jdca9-python3-3.7.6/lib/python3.7/site-packages" />
        <root url="file://$USER_HOME$/.cache/JetBrains/IntelliJIdea2020.1/python_stubs/-1793031240" />
        <root url="file://$APPLICATION_PLUGINS_DIR$/python/helpers/python-skeletons" />
        <root url="file://$APPLICATION_PLUGINS_DIR$/python/helpers/typeshed/stdlib/3.7" />
        <root url="file://$APPLICATION_PLUGINS_DIR$/python/helpers/typeshed/stdlib/3" />
        <root url="file://$APPLICATION_PLUGINS_DIR$/python/helpers/typeshed/stdlib/2and3" />
        <root url="file://$APPLICATION_PLUGINS_DIR$/python/helpers/typeshed/third_party/3" />
        <root url="file://$APPLICATION_PLUGINS_DIR$/python/helpers/typeshed/third_party/2and3" />
      </SOURCES>
    </library>
  </component>
</application>