<application>
  <component name="ProjectJdkTable">
    <jdk version="2">
      <name value="1.8" />
      <type value="JavaSDK" />
      <version value="java version &quot;1.8.0_232&quot;" />
      <homePath value="/usr/lib/jvm/java-8-openjdk-amd64" />
      <roots>
        <annotationsPath>
          <root type="composite">
            <root url="jar://$APPLICATION_HOME_DIR$/plugins/java/lib/jdkAnnotations.jar!/" type="simple" />
          </root>
        </annotationsPath>
        <classPath>
          <root type="composite">
            <root url="jar:///usr/lib/jvm/java-8-openjdk-amd64/jre/lib/charsets.jar!/" type="simple" />
            <root url="jar:///usr/lib/jvm/java-8-openjdk-amd64/jre/lib/ext/cldrdata.jar!/" type="simple" />
            <root url="jar:///usr/lib/jvm/java-8-openjdk-amd64/jre/lib/ext/dnsns.jar!/" type="simple" />
            <root url="jar:///usr/lib/jvm/java-8-openjdk-amd64/jre/lib/ext/icedtea-sound.jar!/" type="simple" />
            <root url="jar:///usr/lib/jvm/java-8-openjdk-amd64/jre/lib/ext/jaccess.jar!/" type="simple" />
            <root url="jar:///usr/lib/jvm/java-8-openjdk-amd64/jre/lib/ext/java-atk-wrapper.jar!/" type="simple" />
            <root url="jar:///usr/lib/jvm/java-8-openjdk-amd64/jre/lib/ext/localedata.jar!/" type="simple" />
            <root url="jar:///usr/lib/jvm/java-8-openjdk-amd64/jre/lib/ext/nashorn.jar!/" type="simple" />
            <root url="jar:///usr/lib/jvm/java-8-openjdk-amd64/jre/lib/ext/sunec.jar!/" type="simple" />
            <root url="jar:///usr/lib/jvm/java-8-openjdk-amd64/jre/lib/ext/sunjce_provider.jar!/" type="simple" />
            <root url="jar:///usr/lib/jvm/java-8-openjdk-amd64/jre/lib/ext/sunpkcs11.jar!/" type="simple" />
            <root url="jar:///usr/lib/jvm/java-8-openjdk-amd64/jre/lib/ext/zipfs.jar!/" type="simple" />
            <root url="jar:///usr/lib/jvm/java-8-openjdk-amd64/jre/lib/jce.jar!/" type="simple" />
            <root url="jar:///usr/lib/jvm/java-8-openjdk-amd64/jre/lib/jsse.jar!/" type="simple" />
            <root url="jar:///usr/lib/jvm/java-8-openjdk-amd64/jre/lib/management-agent.jar!/" type="simple" />
            <root url="jar:///usr/lib/jvm/java-8-openjdk-amd64/jre/lib/resources.jar!/" type="simple" />
            <root url="jar:///usr/lib/jvm/java-8-openjdk-amd64/jre/lib/rt.jar!/" type="simple" />
          </root>
        </classPath>
        <javadocPath>
          <root type="composite">
            <root url="https://docs.oracle.com/javase/8/docs/api/" type="simple" />
          </root>
        </javadocPath>
        <sourcePath>
          <root type="composite" />
        </sourcePath>
      </roots>
      <additional />
    </jdk>
    <jdk version="2">
      <name value="Pipenv (ebay)" />
      <type value="Python SDK" />
      <version value="Python 3.6.6" />
      <homePath value="$USER_HOME$/.local/share/virtualenvs/ebay-LBHX9AeL/bin/python" />
      <roots>
        <annotationsPath>
          <root type="composite" />
        </annotationsPath>
        <classPath>
          <root type="composite">
            <root url="file://$USER_HOME$/.pyenv/versions/3.6.6/lib/python3.6" type="simple" />
            <root url="file://$USER_HOME$/.pyenv/versions/3.6.6/lib/python3.6/lib-dynload" type="simple" />
            <root url="file://$USER_HOME$/.local/share/virtualenvs/ebay-LBHX9AeL/lib/python3.6/site-packages" type="simple" />
            <root url="file://$USER_HOME$/.cache/JetBrains/IntelliJIdea2020.2/python_stubs/913458220" type="simple" />
            <root url="file://$APPLICATION_PLUGINS_DIR$/python/helpers/python-skeletons" type="simple" />
            <root url="file://$APPLICATION_PLUGINS_DIR$/python/helpers/typeshed/stdlib/3" type="simple" />
            <root url="file://$APPLICATION_PLUGINS_DIR$/python/helpers/typeshed/stdlib/2and3" type="simple" />
            <root url="file://$APPLICATION_PLUGINS_DIR$/python/helpers/typeshed/third_party/3" type="simple" />
            <root url="file://$APPLICATION_PLUGINS_DIR$/python/helpers/typeshed/third_party/2and3" type="simple" />
          </root>
        </classPath>
        <javadocPath>
          <root type="composite" />
        </javadocPath>
        <sourcePath>
          <root type="composite" />
        </sourcePath>
      </roots>
      <additional ASSOCIATED_PROJECT_PATH="$USER_HOME$/projects/pveu/ebay" IS_PIPENV="true" />
    </jdk>
    <jdk version="2">
      <name value="Pipenv (function-auth-csv)" />
      <type value="Python SDK" />
      <version value="Python 3.7.5" />
      <homePath value="$USER_HOME$/.local/share/virtualenvs/function-auth-csv-ywIVGFQ7/bin/python" />
      <roots>
        <annotationsPath>
          <root type="composite" />
        </annotationsPath>
        <classPath>
          <root type="composite">
            <root url="file:///usr/lib/python3.7" type="simple" />
            <root url="file:///usr/lib/python3.7/lib-dynload" type="simple" />
            <root url="file://$USER_HOME$/.local/share/virtualenvs/function-auth-csv-ywIVGFQ7/lib/python3.7/site-packages" type="simple" />
            <root url="file://$USER_HOME$/.cache/JetBrains/IntelliJIdea2020.1/python_stubs/-1064807130" type="simple" />
            <root url="file://$APPLICATION_PLUGINS_DIR$/python/helpers/python-skeletons" type="simple" />
            <root url="file://$APPLICATION_PLUGINS_DIR$/python/helpers/typeshed/stdlib/3.7" type="simple" />
            <root url="file://$APPLICATION_PLUGINS_DIR$/python/helpers/typeshed/stdlib/3" type="simple" />
            <root url="file://$APPLICATION_PLUGINS_DIR$/python/helpers/typeshed/stdlib/2and3" type="simple" />
            <root url="file://$APPLICATION_PLUGINS_DIR$/python/helpers/typeshed/third_party/3" type="simple" />
            <root url="file://$APPLICATION_PLUGINS_DIR$/python/helpers/typeshed/third_party/2and3" type="simple" />
          </root>
        </classPath>
        <javadocPath>
          <root type="composite" />
        </javadocPath>
        <sourcePath>
          <root type="composite" />
        </sourcePath>
      </roots>
      <additional ASSOCIATED_PROJECT_PATH="$USER_HOME$/projects/pveu/function-auth-csv" IS_PIPENV="true" />
    </jdk>
    <jdk version="2">
      <name value="Pipenv (function-new)" />
      <type value="Python SDK" />
      <version value="Python 3.6.6" />
      <homePath value="$USER_HOME$/.local/share/virtualenvs/function-new-bjtxxMZN/bin/python" />
      <roots>
        <annotationsPath>
          <root type="composite" />
        </annotationsPath>
        <classPath>
          <root type="composite">
            <root url="file://$USER_HOME$/.pyenv/versions/3.6.6/lib/python3.6" type="simple" />
            <root url="file://$USER_HOME$/.pyenv/versions/3.6.6/lib/python3.6/lib-dynload" type="simple" />
            <root url="file://$USER_HOME$/.local/share/virtualenvs/function-new-bjtxxMZN/lib/python3.6/site-packages" type="simple" />
            <root url="file://$USER_HOME$/.cache/JetBrains/IntelliJIdea2020.1/python_stubs/-1441229854" type="simple" />
            <root url="file://$APPLICATION_PLUGINS_DIR$/python/helpers/python-skeletons" type="simple" />
            <root url="file://$APPLICATION_PLUGINS_DIR$/python/helpers/typeshed/stdlib/3" type="simple" />
            <root url="file://$APPLICATION_PLUGINS_DIR$/python/helpers/typeshed/stdlib/2and3" type="simple" />
            <root url="file://$APPLICATION_PLUGINS_DIR$/python/helpers/typeshed/third_party/3" type="simple" />
            <root url="file://$APPLICATION_PLUGINS_DIR$/python/helpers/typeshed/third_party/2and3" type="simple" />
          </root>
        </classPath>
        <javadocPath>
          <root type="composite" />
        </javadocPath>
        <sourcePath>
          <root type="composite" />
        </sourcePath>
      </roots>
      <additional ASSOCIATED_PROJECT_PATH="$USER_HOME$/projects/pveu/function-new" IS_PIPENV="true" />
    </jdk>
    <jdk version="2">
      <name value="Pipenv (product-hub-workflow-management)" />
      <type value="Python SDK" />
      <version value="Python 3.7.6" />
      <homePath value="$USER_HOME$/.local/share/virtualenvs/product-hub-workflow-management-mK6kI22Y/bin/python" />
      <roots>
        <annotationsPath>
          <root type="composite" />
        </annotationsPath>
        <classPath>
          <root type="composite">
            <root url="file://$USER_HOME$/.local/share/virtualenvs/product-hub-workflow-management-mK6kI22Y/lib/python3.7" type="simple" />
            <root url="file://$USER_HOME$/.local/share/virtualenvs/product-hub-workflow-management-mK6kI22Y/lib/python3.7/lib-dynload" type="simple" />
            <root url="file:///nix/store/nlgrx0cl1l87nx0w660lb3jksn9jdca9-python3-3.7.6/lib/python3.7" type="simple" />
            <root url="file://$USER_HOME$/.local/share/virtualenvs/product-hub-workflow-management-mK6kI22Y/lib/python3.7/site-packages" type="simple" />
            <root url="file:///nix/store/nlgrx0cl1l87nx0w660lb3jksn9jdca9-python3-3.7.6/lib/python3.7/site-packages" type="simple" />
            <root url="file://$USER_HOME$/.cache/JetBrains/IntelliJIdea2020.1/python_stubs/-1793031240" type="simple" />
            <root url="file://$APPLICATION_PLUGINS_DIR$/python/helpers/python-skeletons" type="simple" />
            <root url="file://$APPLICATION_PLUGINS_DIR$/python/helpers/typeshed/stdlib/3.7" type="simple" />
            <root url="file://$APPLICATION_PLUGINS_DIR$/python/helpers/typeshed/stdlib/3" type="simple" />
            <root url="file://$APPLICATION_PLUGINS_DIR$/python/helpers/typeshed/stdlib/2and3" type="simple" />
            <root url="file://$APPLICATION_PLUGINS_DIR$/python/helpers/typeshed/third_party/3" type="simple" />
            <root url="file://$APPLICATION_PLUGINS_DIR$/python/helpers/typeshed/third_party/2and3" type="simple" />
          </root>
        </classPath>
        <javadocPath>
          <root type="composite" />
        </javadocPath>
        <sourcePath>
          <root type="composite" />
        </sourcePath>
      </roots>
      <additional ASSOCIATED_PROJECT_PATH="$USER_HOME$/projects/pveu/product-hub-workflow-management" IS_PIPENV="true" />
    </jdk>
    <jdk version="2">
      <name value="13" />
      <type value="JavaSDK" />
      <version value="java version &quot;13&quot;" />
      <homePath value="/usr/lib/jvm/java-13-openjdk-amd64" />
      <roots>
        <annotationsPath>
          <root type="composite">
            <root url="jar://$APPLICATION_HOME_DIR$/plugins/java/lib/jdkAnnotations.jar!/" type="simple" />
          </root>
        </annotationsPath>
        <classPath>
          <root type="composite">
            <root url="jrt:///usr/lib/jvm/java-13-openjdk-amd64!/java.base" type="simple" />
            <root url="jrt:///usr/lib/jvm/java-13-openjdk-amd64!/java.compiler" type="simple" />
            <root url="jrt:///usr/lib/jvm/java-13-openjdk-amd64!/java.datatransfer" type="simple" />
            <root url="jrt:///usr/lib/jvm/java-13-openjdk-amd64!/java.desktop" type="simple" />
            <root url="jrt:///usr/lib/jvm/java-13-openjdk-amd64!/java.instrument" type="simple" />
            <root url="jrt:///usr/lib/jvm/java-13-openjdk-amd64!/java.logging" type="simple" />
            <root url="jrt:///usr/lib/jvm/java-13-openjdk-amd64!/java.management" type="simple" />
            <root url="jrt:///usr/lib/jvm/java-13-openjdk-amd64!/java.management.rmi" type="simple" />
            <root url="jrt:///usr/lib/jvm/java-13-openjdk-amd64!/java.naming" type="simple" />
            <root url="jrt:///usr/lib/jvm/java-13-openjdk-amd64!/java.net.http" type="simple" />
            <root url="jrt:///usr/lib/jvm/java-13-openjdk-amd64!/java.prefs" type="simple" />
            <root url="jrt:///usr/lib/jvm/java-13-openjdk-amd64!/java.rmi" type="simple" />
            <root url="jrt:///usr/lib/jvm/java-13-openjdk-amd64!/java.scripting" type="simple" />
            <root url="jrt:///usr/lib/jvm/java-13-openjdk-amd64!/java.se" type="simple" />
            <root url="jrt:///usr/lib/jvm/java-13-openjdk-amd64!/java.security.jgss" type="simple" />
            <root url="jrt:///usr/lib/jvm/java-13-openjdk-amd64!/java.security.sasl" type="simple" />
            <root url="jrt:///usr/lib/jvm/java-13-openjdk-amd64!/java.smartcardio" type="simple" />
            <root url="jrt:///usr/lib/jvm/java-13-openjdk-amd64!/java.sql" type="simple" />
            <root url="jrt:///usr/lib/jvm/java-13-openjdk-amd64!/java.sql.rowset" type="simple" />
            <root url="jrt:///usr/lib/jvm/java-13-openjdk-amd64!/java.transaction.xa" type="simple" />
            <root url="jrt:///usr/lib/jvm/java-13-openjdk-amd64!/java.xml" type="simple" />
            <root url="jrt:///usr/lib/jvm/java-13-openjdk-amd64!/java.xml.crypto" type="simple" />
            <root url="jrt:///usr/lib/jvm/java-13-openjdk-amd64!/jdk.accessibility" type="simple" />
            <root url="jrt:///usr/lib/jvm/java-13-openjdk-amd64!/jdk.aot" type="simple" />
            <root url="jrt:///usr/lib/jvm/java-13-openjdk-amd64!/jdk.attach" type="simple" />
            <root url="jrt:///usr/lib/jvm/java-13-openjdk-amd64!/jdk.charsets" type="simple" />
            <root url="jrt:///usr/lib/jvm/java-13-openjdk-amd64!/jdk.compiler" type="simple" />
            <root url="jrt:///usr/lib/jvm/java-13-openjdk-amd64!/jdk.crypto.cryptoki" type="simple" />
            <root url="jrt:///usr/lib/jvm/java-13-openjdk-amd64!/jdk.crypto.ec" type="simple" />
            <root url="jrt:///usr/lib/jvm/java-13-openjdk-amd64!/jdk.dynalink" type="simple" />
            <root url="jrt:///usr/lib/jvm/java-13-openjdk-amd64!/jdk.editpad" type="simple" />
            <root url="jrt:///usr/lib/jvm/java-13-openjdk-amd64!/jdk.hotspot.agent" type="simple" />
            <root url="jrt:///usr/lib/jvm/java-13-openjdk-amd64!/jdk.httpserver" type="simple" />
            <root url="jrt:///usr/lib/jvm/java-13-openjdk-amd64!/jdk.internal.ed" type="simple" />
            <root url="jrt:///usr/lib/jvm/java-13-openjdk-amd64!/jdk.internal.jvmstat" type="simple" />
            <root url="jrt:///usr/lib/jvm/java-13-openjdk-amd64!/jdk.internal.le" type="simple" />
            <root url="jrt:///usr/lib/jvm/java-13-openjdk-amd64!/jdk.internal.opt" type="simple" />
            <root url="jrt:///usr/lib/jvm/java-13-openjdk-amd64!/jdk.internal.vm.ci" type="simple" />
            <root url="jrt:///usr/lib/jvm/java-13-openjdk-amd64!/jdk.internal.vm.compiler" type="simple" />
            <root url="jrt:///usr/lib/jvm/java-13-openjdk-amd64!/jdk.internal.vm.compiler.management" type="simple" />
            <root url="jrt:///usr/lib/jvm/java-13-openjdk-amd64!/jdk.jartool" type="simple" />
            <root url="jrt:///usr/lib/jvm/java-13-openjdk-amd64!/jdk.javadoc" type="simple" />
            <root url="jrt:///usr/lib/jvm/java-13-openjdk-amd64!/jdk.jcmd" type="simple" />
            <root url="jrt:///usr/lib/jvm/java-13-openjdk-amd64!/jdk.jconsole" type="simple" />
            <root url="jrt:///usr/lib/jvm/java-13-openjdk-amd64!/jdk.jdeps" type="simple" />
            <root url="jrt:///usr/lib/jvm/java-13-openjdk-amd64!/jdk.jdi" type="simple" />
            <root url="jrt:///usr/lib/jvm/java-13-openjdk-amd64!/jdk.jdwp.agent" type="simple" />
            <root url="jrt:///usr/lib/jvm/java-13-openjdk-amd64!/jdk.jfr" type="simple" />
            <root url="jrt:///usr/lib/jvm/java-13-openjdk-amd64!/jdk.jlink" type="simple" />
            <root url="jrt:///usr/lib/jvm/java-13-openjdk-amd64!/jdk.jshell" type="simple" />
            <root url="jrt:///usr/lib/jvm/java-13-openjdk-amd64!/jdk.jsobject" type="simple" />
            <root url="jrt:///usr/lib/jvm/java-13-openjdk-amd64!/jdk.jstatd" type="simple" />
            <root url="jrt:///usr/lib/jvm/java-13-openjdk-amd64!/jdk.localedata" type="simple" />
            <root url="jrt:///usr/lib/jvm/java-13-openjdk-amd64!/jdk.management" type="simple" />
            <root url="jrt:///usr/lib/jvm/java-13-openjdk-amd64!/jdk.management.agent" type="simple" />
            <root url="jrt:///usr/lib/jvm/java-13-openjdk-amd64!/jdk.management.jfr" type="simple" />
            <root url="jrt:///usr/lib/jvm/java-13-openjdk-amd64!/jdk.naming.dns" type="simple" />
            <root url="jrt:///usr/lib/jvm/java-13-openjdk-amd64!/jdk.naming.rmi" type="simple" />
            <root url="jrt:///usr/lib/jvm/java-13-openjdk-amd64!/jdk.net" type="simple" />
            <root url="jrt:///usr/lib/jvm/java-13-openjdk-amd64!/jdk.pack" type="simple" />
            <root url="jrt:///usr/lib/jvm/java-13-openjdk-amd64!/jdk.rmic" type="simple" />
            <root url="jrt:///usr/lib/jvm/java-13-openjdk-amd64!/jdk.scripting.nashorn" type="simple" />
            <root url="jrt:///usr/lib/jvm/java-13-openjdk-amd64!/jdk.scripting.nashorn.shell" type="simple" />
            <root url="jrt:///usr/lib/jvm/java-13-openjdk-amd64!/jdk.sctp" type="simple" />
            <root url="jrt:///usr/lib/jvm/java-13-openjdk-amd64!/jdk.security.auth" type="simple" />
            <root url="jrt:///usr/lib/jvm/java-13-openjdk-amd64!/jdk.security.jgss" type="simple" />
            <root url="jrt:///usr/lib/jvm/java-13-openjdk-amd64!/jdk.unsupported" type="simple" />
            <root url="jrt:///usr/lib/jvm/java-13-openjdk-amd64!/jdk.unsupported.desktop" type="simple" />
            <root url="jrt:///usr/lib/jvm/java-13-openjdk-amd64!/jdk.xml.dom" type="simple" />
            <root url="jrt:///usr/lib/jvm/java-13-openjdk-amd64!/jdk.zipfs" type="simple" />
          </root>
        </classPath>
        <javadocPath>
          <root type="composite">
            <root url="https://docs.oracle.com/en/java/javase/13/docs/api/" type="simple" />
          </root>
        </javadocPath>
        <sourcePath>
          <root type="composite" />
        </sourcePath>
      </roots>
      <additional />
    </jdk>
    <jdk version="2">
      <name value="14" />
      <type value="JavaSDK" />
      <version value="java version &quot;14&quot;" />
      <homePath value="/usr/lib/jvm/java-14-openjdk-amd64" />
      <roots>
        <annotationsPath>
          <root type="composite">
            <root url="jar://$APPLICATION_HOME_DIR$/plugins/java/lib/jdkAnnotations.jar!/" type="simple" />
          </root>
        </annotationsPath>
        <classPath>
          <root type="composite">
            <root url="jrt:///usr/lib/jvm/java-14-openjdk-amd64!/java.base" type="simple" />
            <root url="jrt:///usr/lib/jvm/java-14-openjdk-amd64!/java.compiler" type="simple" />
            <root url="jrt:///usr/lib/jvm/java-14-openjdk-amd64!/java.datatransfer" type="simple" />
            <root url="jrt:///usr/lib/jvm/java-14-openjdk-amd64!/java.desktop" type="simple" />
            <root url="jrt:///usr/lib/jvm/java-14-openjdk-amd64!/java.instrument" type="simple" />
            <root url="jrt:///usr/lib/jvm/java-14-openjdk-amd64!/java.logging" type="simple" />
            <root url="jrt:///usr/lib/jvm/java-14-openjdk-amd64!/java.management" type="simple" />
            <root url="jrt:///usr/lib/jvm/java-14-openjdk-amd64!/java.management.rmi" type="simple" />
            <root url="jrt:///usr/lib/jvm/java-14-openjdk-amd64!/java.naming" type="simple" />
            <root url="jrt:///usr/lib/jvm/java-14-openjdk-amd64!/java.net.http" type="simple" />
            <root url="jrt:///usr/lib/jvm/java-14-openjdk-amd64!/java.prefs" type="simple" />
            <root url="jrt:///usr/lib/jvm/java-14-openjdk-amd64!/java.rmi" type="simple" />
            <root url="jrt:///usr/lib/jvm/java-14-openjdk-amd64!/java.scripting" type="simple" />
            <root url="jrt:///usr/lib/jvm/java-14-openjdk-amd64!/java.se" type="simple" />
            <root url="jrt:///usr/lib/jvm/java-14-openjdk-amd64!/java.security.jgss" type="simple" />
            <root url="jrt:///usr/lib/jvm/java-14-openjdk-amd64!/java.security.sasl" type="simple" />
            <root url="jrt:///usr/lib/jvm/java-14-openjdk-amd64!/java.smartcardio" type="simple" />
            <root url="jrt:///usr/lib/jvm/java-14-openjdk-amd64!/java.sql" type="simple" />
            <root url="jrt:///usr/lib/jvm/java-14-openjdk-amd64!/java.sql.rowset" type="simple" />
            <root url="jrt:///usr/lib/jvm/java-14-openjdk-amd64!/java.transaction.xa" type="simple" />
            <root url="jrt:///usr/lib/jvm/java-14-openjdk-amd64!/java.xml" type="simple" />
            <root url="jrt:///usr/lib/jvm/java-14-openjdk-amd64!/java.xml.crypto" type="simple" />
            <root url="jrt:///usr/lib/jvm/java-14-openjdk-amd64!/jdk.accessibility" type="simple" />
            <root url="jrt:///usr/lib/jvm/java-14-openjdk-amd64!/jdk.aot" type="simple" />
            <root url="jrt:///usr/lib/jvm/java-14-openjdk-amd64!/jdk.attach" type="simple" />
            <root url="jrt:///usr/lib/jvm/java-14-openjdk-amd64!/jdk.charsets" type="simple" />
            <root url="jrt:///usr/lib/jvm/java-14-openjdk-amd64!/jdk.compiler" type="simple" />
            <root url="jrt:///usr/lib/jvm/java-14-openjdk-amd64!/jdk.crypto.cryptoki" type="simple" />
            <root url="jrt:///usr/lib/jvm/java-14-openjdk-amd64!/jdk.crypto.ec" type="simple" />
            <root url="jrt:///usr/lib/jvm/java-14-openjdk-amd64!/jdk.dynalink" type="simple" />
            <root url="jrt:///usr/lib/jvm/java-14-openjdk-amd64!/jdk.editpad" type="simple" />
            <root url="jrt:///usr/lib/jvm/java-14-openjdk-amd64!/jdk.hotspot.agent" type="simple" />
            <root url="jrt:///usr/lib/jvm/java-14-openjdk-amd64!/jdk.httpserver" type="simple" />
            <root url="jrt:///usr/lib/jvm/java-14-openjdk-amd64!/jdk.internal.ed" type="simple" />
            <root url="jrt:///usr/lib/jvm/java-14-openjdk-amd64!/jdk.internal.jvmstat" type="simple" />
            <root url="jrt:///usr/lib/jvm/java-14-openjdk-amd64!/jdk.internal.le" type="simple" />
            <root url="jrt:///usr/lib/jvm/java-14-openjdk-amd64!/jdk.internal.opt" type="simple" />
            <root url="jrt:///usr/lib/jvm/java-14-openjdk-amd64!/jdk.internal.vm.ci" type="simple" />
            <root url="jrt:///usr/lib/jvm/java-14-openjdk-amd64!/jdk.internal.vm.compiler" type="simple" />
            <root url="jrt:///usr/lib/jvm/java-14-openjdk-amd64!/jdk.internal.vm.compiler.management" type="simple" />
            <root url="jrt:///usr/lib/jvm/java-14-openjdk-amd64!/jdk.jartool" type="simple" />
            <root url="jrt:///usr/lib/jvm/java-14-openjdk-amd64!/jdk.javadoc" type="simple" />
            <root url="jrt:///usr/lib/jvm/java-14-openjdk-amd64!/jdk.jcmd" type="simple" />
            <root url="jrt:///usr/lib/jvm/java-14-openjdk-amd64!/jdk.jconsole" type="simple" />
            <root url="jrt:///usr/lib/jvm/java-14-openjdk-amd64!/jdk.jdeps" type="simple" />
            <root url="jrt:///usr/lib/jvm/java-14-openjdk-amd64!/jdk.jdi" type="simple" />
            <root url="jrt:///usr/lib/jvm/java-14-openjdk-amd64!/jdk.jdwp.agent" type="simple" />
            <root url="jrt:///usr/lib/jvm/java-14-openjdk-amd64!/jdk.jfr" type="simple" />
            <root url="jrt:///usr/lib/jvm/java-14-openjdk-amd64!/jdk.jlink" type="simple" />
            <root url="jrt:///usr/lib/jvm/java-14-openjdk-amd64!/jdk.jshell" type="simple" />
            <root url="jrt:///usr/lib/jvm/java-14-openjdk-amd64!/jdk.jsobject" type="simple" />
            <root url="jrt:///usr/lib/jvm/java-14-openjdk-amd64!/jdk.jstatd" type="simple" />
            <root url="jrt:///usr/lib/jvm/java-14-openjdk-amd64!/jdk.localedata" type="simple" />
            <root url="jrt:///usr/lib/jvm/java-14-openjdk-amd64!/jdk.management" type="simple" />
            <root url="jrt:///usr/lib/jvm/java-14-openjdk-amd64!/jdk.management.agent" type="simple" />
            <root url="jrt:///usr/lib/jvm/java-14-openjdk-amd64!/jdk.management.jfr" type="simple" />
            <root url="jrt:///usr/lib/jvm/java-14-openjdk-amd64!/jdk.naming.dns" type="simple" />
            <root url="jrt:///usr/lib/jvm/java-14-openjdk-amd64!/jdk.naming.rmi" type="simple" />
            <root url="jrt:///usr/lib/jvm/java-14-openjdk-amd64!/jdk.net" type="simple" />
            <root url="jrt:///usr/lib/jvm/java-14-openjdk-amd64!/jdk.nio.mapmode" type="simple" />
            <root url="jrt:///usr/lib/jvm/java-14-openjdk-amd64!/jdk.pack" type="simple" />
            <root url="jrt:///usr/lib/jvm/java-14-openjdk-amd64!/jdk.rmic" type="simple" />
            <root url="jrt:///usr/lib/jvm/java-14-openjdk-amd64!/jdk.scripting.nashorn" type="simple" />
            <root url="jrt:///usr/lib/jvm/java-14-openjdk-amd64!/jdk.scripting.nashorn.shell" type="simple" />
            <root url="jrt:///usr/lib/jvm/java-14-openjdk-amd64!/jdk.sctp" type="simple" />
            <root url="jrt:///usr/lib/jvm/java-14-openjdk-amd64!/jdk.security.auth" type="simple" />
            <root url="jrt:///usr/lib/jvm/java-14-openjdk-amd64!/jdk.security.jgss" type="simple" />
            <root url="jrt:///usr/lib/jvm/java-14-openjdk-amd64!/jdk.unsupported" type="simple" />
            <root url="jrt:///usr/lib/jvm/java-14-openjdk-amd64!/jdk.unsupported.desktop" type="simple" />
            <root url="jrt:///usr/lib/jvm/java-14-openjdk-amd64!/jdk.xml.dom" type="simple" />
            <root url="jrt:///usr/lib/jvm/java-14-openjdk-amd64!/jdk.zipfs" type="simple" />
          </root>
        </classPath>
        <javadocPath>
          <root type="composite">
            <root url="https://docs.oracle.com/en/java/javase/14/docs/api/" type="simple" />
          </root>
        </javadocPath>
        <sourcePath>
          <root type="composite" />
        </sourcePath>
      </roots>
      <additional />
    </jdk>
    <jdk version="2">
      <name value="11" />
      <type value="JavaSDK" />
      <version value="java version &quot;11.0.7&quot;" />
      <homePath value="/usr/lib/jvm/java-11-openjdk-amd64" />
      <roots>
        <annotationsPath>
          <root type="composite">
            <root url="jar://$APPLICATION_HOME_DIR$/plugins/java/lib/jdkAnnotations.jar!/" type="simple" />
          </root>
        </annotationsPath>
        <classPath>
          <root type="composite">
            <root url="jrt:///usr/lib/jvm/java-11-openjdk-amd64!/java.base" type="simple" />
            <root url="jrt:///usr/lib/jvm/java-11-openjdk-amd64!/java.compiler" type="simple" />
            <root url="jrt:///usr/lib/jvm/java-11-openjdk-amd64!/java.datatransfer" type="simple" />
            <root url="jrt:///usr/lib/jvm/java-11-openjdk-amd64!/java.desktop" type="simple" />
            <root url="jrt:///usr/lib/jvm/java-11-openjdk-amd64!/java.instrument" type="simple" />
            <root url="jrt:///usr/lib/jvm/java-11-openjdk-amd64!/java.logging" type="simple" />
            <root url="jrt:///usr/lib/jvm/java-11-openjdk-amd64!/java.management" type="simple" />
            <root url="jrt:///usr/lib/jvm/java-11-openjdk-amd64!/java.management.rmi" type="simple" />
            <root url="jrt:///usr/lib/jvm/java-11-openjdk-amd64!/java.naming" type="simple" />
            <root url="jrt:///usr/lib/jvm/java-11-openjdk-amd64!/java.net.http" type="simple" />
            <root url="jrt:///usr/lib/jvm/java-11-openjdk-amd64!/java.prefs" type="simple" />
            <root url="jrt:///usr/lib/jvm/java-11-openjdk-amd64!/java.rmi" type="simple" />
            <root url="jrt:///usr/lib/jvm/java-11-openjdk-amd64!/java.scripting" type="simple" />
            <root url="jrt:///usr/lib/jvm/java-11-openjdk-amd64!/java.se" type="simple" />
            <root url="jrt:///usr/lib/jvm/java-11-openjdk-amd64!/java.security.jgss" type="simple" />
            <root url="jrt:///usr/lib/jvm/java-11-openjdk-amd64!/java.security.sasl" type="simple" />
            <root url="jrt:///usr/lib/jvm/java-11-openjdk-amd64!/java.smartcardio" type="simple" />
            <root url="jrt:///usr/lib/jvm/java-11-openjdk-amd64!/java.sql" type="simple" />
            <root url="jrt:///usr/lib/jvm/java-11-openjdk-amd64!/java.sql.rowset" type="simple" />
            <root url="jrt:///usr/lib/jvm/java-11-openjdk-amd64!/java.transaction.xa" type="simple" />
            <root url="jrt:///usr/lib/jvm/java-11-openjdk-amd64!/java.xml" type="simple" />
            <root url="jrt:///usr/lib/jvm/java-11-openjdk-amd64!/java.xml.crypto" type="simple" />
            <root url="jrt:///usr/lib/jvm/java-11-openjdk-amd64!/jdk.accessibility" type="simple" />
            <root url="jrt:///usr/lib/jvm/java-11-openjdk-amd64!/jdk.aot" type="simple" />
            <root url="jrt:///usr/lib/jvm/java-11-openjdk-amd64!/jdk.attach" type="simple" />
            <root url="jrt:///usr/lib/jvm/java-11-openjdk-amd64!/jdk.charsets" type="simple" />
            <root url="jrt:///usr/lib/jvm/java-11-openjdk-amd64!/jdk.compiler" type="simple" />
            <root url="jrt:///usr/lib/jvm/java-11-openjdk-amd64!/jdk.crypto.cryptoki" type="simple" />
            <root url="jrt:///usr/lib/jvm/java-11-openjdk-amd64!/jdk.crypto.ec" type="simple" />
            <root url="jrt:///usr/lib/jvm/java-11-openjdk-amd64!/jdk.dynalink" type="simple" />
            <root url="jrt:///usr/lib/jvm/java-11-openjdk-amd64!/jdk.editpad" type="simple" />
            <root url="jrt:///usr/lib/jvm/java-11-openjdk-amd64!/jdk.hotspot.agent" type="simple" />
            <root url="jrt:///usr/lib/jvm/java-11-openjdk-amd64!/jdk.httpserver" type="simple" />
            <root url="jrt:///usr/lib/jvm/java-11-openjdk-amd64!/jdk.internal.ed" type="simple" />
            <root url="jrt:///usr/lib/jvm/java-11-openjdk-amd64!/jdk.internal.jvmstat" type="simple" />
            <root url="jrt:///usr/lib/jvm/java-11-openjdk-amd64!/jdk.internal.le" type="simple" />
            <root url="jrt:///usr/lib/jvm/java-11-openjdk-amd64!/jdk.internal.opt" type="simple" />
            <root url="jrt:///usr/lib/jvm/java-11-openjdk-amd64!/jdk.internal.vm.ci" type="simple" />
            <root url="jrt:///usr/lib/jvm/java-11-openjdk-amd64!/jdk.internal.vm.compiler" type="simple" />
            <root url="jrt:///usr/lib/jvm/java-11-openjdk-amd64!/jdk.internal.vm.compiler.management" type="simple" />
            <root url="jrt:///usr/lib/jvm/java-11-openjdk-amd64!/jdk.jartool" type="simple" />
            <root url="jrt:///usr/lib/jvm/java-11-openjdk-amd64!/jdk.javadoc" type="simple" />
            <root url="jrt:///usr/lib/jvm/java-11-openjdk-amd64!/jdk.jcmd" type="simple" />
            <root url="jrt:///usr/lib/jvm/java-11-openjdk-amd64!/jdk.jconsole" type="simple" />
            <root url="jrt:///usr/lib/jvm/java-11-openjdk-amd64!/jdk.jdeps" type="simple" />
            <root url="jrt:///usr/lib/jvm/java-11-openjdk-amd64!/jdk.jdi" type="simple" />
            <root url="jrt:///usr/lib/jvm/java-11-openjdk-amd64!/jdk.jdwp.agent" type="simple" />
            <root url="jrt:///usr/lib/jvm/java-11-openjdk-amd64!/jdk.jfr" type="simple" />
            <root url="jrt:///usr/lib/jvm/java-11-openjdk-amd64!/jdk.jlink" type="simple" />
            <root url="jrt:///usr/lib/jvm/java-11-openjdk-amd64!/jdk.jshell" type="simple" />
            <root url="jrt:///usr/lib/jvm/java-11-openjdk-amd64!/jdk.jsobject" type="simple" />
            <root url="jrt:///usr/lib/jvm/java-11-openjdk-amd64!/jdk.jstatd" type="simple" />
            <root url="jrt:///usr/lib/jvm/java-11-openjdk-amd64!/jdk.localedata" type="simple" />
            <root url="jrt:///usr/lib/jvm/java-11-openjdk-amd64!/jdk.management" type="simple" />
            <root url="jrt:///usr/lib/jvm/java-11-openjdk-amd64!/jdk.management.agent" type="simple" />
            <root url="jrt:///usr/lib/jvm/java-11-openjdk-amd64!/jdk.management.jfr" type="simple" />
            <root url="jrt:///usr/lib/jvm/java-11-openjdk-amd64!/jdk.naming.dns" type="simple" />
            <root url="jrt:///usr/lib/jvm/java-11-openjdk-amd64!/jdk.naming.rmi" type="simple" />
            <root url="jrt:///usr/lib/jvm/java-11-openjdk-amd64!/jdk.net" type="simple" />
            <root url="jrt:///usr/lib/jvm/java-11-openjdk-amd64!/jdk.pack" type="simple" />
            <root url="jrt:///usr/lib/jvm/java-11-openjdk-amd64!/jdk.rmic" type="simple" />
            <root url="jrt:///usr/lib/jvm/java-11-openjdk-amd64!/jdk.scripting.nashorn" type="simple" />
            <root url="jrt:///usr/lib/jvm/java-11-openjdk-amd64!/jdk.scripting.nashorn.shell" type="simple" />
            <root url="jrt:///usr/lib/jvm/java-11-openjdk-amd64!/jdk.sctp" type="simple" />
            <root url="jrt:///usr/lib/jvm/java-11-openjdk-amd64!/jdk.security.auth" type="simple" />
            <root url="jrt:///usr/lib/jvm/java-11-openjdk-amd64!/jdk.security.jgss" type="simple" />
            <root url="jrt:///usr/lib/jvm/java-11-openjdk-amd64!/jdk.unsupported" type="simple" />
            <root url="jrt:///usr/lib/jvm/java-11-openjdk-amd64!/jdk.unsupported.desktop" type="simple" />
            <root url="jrt:///usr/lib/jvm/java-11-openjdk-amd64!/jdk.xml.dom" type="simple" />
            <root url="jrt:///usr/lib/jvm/java-11-openjdk-amd64!/jdk.zipfs" type="simple" />
          </root>
        </classPath>
        <javadocPath>
          <root type="composite">
            <root url="https://docs.oracle.com/en/java/javase/11/docs/api/" type="simple" />
          </root>
        </javadocPath>
        <sourcePath>
          <root type="composite" />
        </sourcePath>
      </roots>
      <additional />
    </jdk>
    <jdk version="2">
      <name value="11 (2)" />
      <type value="JavaSDK" />
      <version value="java version &quot;11.0.7&quot;" />
      <homePath value="/nix/store/6j73zhbsgvkk8pjxf7vc4mzzmwj0drjl-jetbrains-jdk-11.0.7-b64/lib/openjdk" />
      <roots>
        <annotationsPath>
          <root type="composite">
            <root url="jar://$APPLICATION_HOME_DIR$/plugins/java/lib/jdkAnnotations.jar!/" type="simple" />
          </root>
        </annotationsPath>
        <classPath>
          <root type="composite">
            <root url="jrt:///nix/store/6j73zhbsgvkk8pjxf7vc4mzzmwj0drjl-jetbrains-jdk-11.0.7-b64/lib/openjdk!/java.base" type="simple" />
            <root url="jrt:///nix/store/6j73zhbsgvkk8pjxf7vc4mzzmwj0drjl-jetbrains-jdk-11.0.7-b64/lib/openjdk!/java.compiler" type="simple" />
            <root url="jrt:///nix/store/6j73zhbsgvkk8pjxf7vc4mzzmwj0drjl-jetbrains-jdk-11.0.7-b64/lib/openjdk!/java.datatransfer" type="simple" />
            <root url="jrt:///nix/store/6j73zhbsgvkk8pjxf7vc4mzzmwj0drjl-jetbrains-jdk-11.0.7-b64/lib/openjdk!/java.desktop" type="simple" />
            <root url="jrt:///nix/store/6j73zhbsgvkk8pjxf7vc4mzzmwj0drjl-jetbrains-jdk-11.0.7-b64/lib/openjdk!/java.instrument" type="simple" />
            <root url="jrt:///nix/store/6j73zhbsgvkk8pjxf7vc4mzzmwj0drjl-jetbrains-jdk-11.0.7-b64/lib/openjdk!/java.logging" type="simple" />
            <root url="jrt:///nix/store/6j73zhbsgvkk8pjxf7vc4mzzmwj0drjl-jetbrains-jdk-11.0.7-b64/lib/openjdk!/java.management" type="simple" />
            <root url="jrt:///nix/store/6j73zhbsgvkk8pjxf7vc4mzzmwj0drjl-jetbrains-jdk-11.0.7-b64/lib/openjdk!/java.management.rmi" type="simple" />
            <root url="jrt:///nix/store/6j73zhbsgvkk8pjxf7vc4mzzmwj0drjl-jetbrains-jdk-11.0.7-b64/lib/openjdk!/java.naming" type="simple" />
            <root url="jrt:///nix/store/6j73zhbsgvkk8pjxf7vc4mzzmwj0drjl-jetbrains-jdk-11.0.7-b64/lib/openjdk!/java.net.http" type="simple" />
            <root url="jrt:///nix/store/6j73zhbsgvkk8pjxf7vc4mzzmwj0drjl-jetbrains-jdk-11.0.7-b64/lib/openjdk!/java.prefs" type="simple" />
            <root url="jrt:///nix/store/6j73zhbsgvkk8pjxf7vc4mzzmwj0drjl-jetbrains-jdk-11.0.7-b64/lib/openjdk!/java.rmi" type="simple" />
            <root url="jrt:///nix/store/6j73zhbsgvkk8pjxf7vc4mzzmwj0drjl-jetbrains-jdk-11.0.7-b64/lib/openjdk!/java.scripting" type="simple" />
            <root url="jrt:///nix/store/6j73zhbsgvkk8pjxf7vc4mzzmwj0drjl-jetbrains-jdk-11.0.7-b64/lib/openjdk!/java.se" type="simple" />
            <root url="jrt:///nix/store/6j73zhbsgvkk8pjxf7vc4mzzmwj0drjl-jetbrains-jdk-11.0.7-b64/lib/openjdk!/java.security.jgss" type="simple" />
            <root url="jrt:///nix/store/6j73zhbsgvkk8pjxf7vc4mzzmwj0drjl-jetbrains-jdk-11.0.7-b64/lib/openjdk!/java.security.sasl" type="simple" />
            <root url="jrt:///nix/store/6j73zhbsgvkk8pjxf7vc4mzzmwj0drjl-jetbrains-jdk-11.0.7-b64/lib/openjdk!/java.smartcardio" type="simple" />
            <root url="jrt:///nix/store/6j73zhbsgvkk8pjxf7vc4mzzmwj0drjl-jetbrains-jdk-11.0.7-b64/lib/openjdk!/java.sql" type="simple" />
            <root url="jrt:///nix/store/6j73zhbsgvkk8pjxf7vc4mzzmwj0drjl-jetbrains-jdk-11.0.7-b64/lib/openjdk!/java.sql.rowset" type="simple" />
            <root url="jrt:///nix/store/6j73zhbsgvkk8pjxf7vc4mzzmwj0drjl-jetbrains-jdk-11.0.7-b64/lib/openjdk!/java.transaction.xa" type="simple" />
            <root url="jrt:///nix/store/6j73zhbsgvkk8pjxf7vc4mzzmwj0drjl-jetbrains-jdk-11.0.7-b64/lib/openjdk!/java.xml" type="simple" />
            <root url="jrt:///nix/store/6j73zhbsgvkk8pjxf7vc4mzzmwj0drjl-jetbrains-jdk-11.0.7-b64/lib/openjdk!/java.xml.crypto" type="simple" />
            <root url="jrt:///nix/store/6j73zhbsgvkk8pjxf7vc4mzzmwj0drjl-jetbrains-jdk-11.0.7-b64/lib/openjdk!/javafx.base" type="simple" />
            <root url="jrt:///nix/store/6j73zhbsgvkk8pjxf7vc4mzzmwj0drjl-jetbrains-jdk-11.0.7-b64/lib/openjdk!/javafx.controls" type="simple" />
            <root url="jrt:///nix/store/6j73zhbsgvkk8pjxf7vc4mzzmwj0drjl-jetbrains-jdk-11.0.7-b64/lib/openjdk!/javafx.fxml" type="simple" />
            <root url="jrt:///nix/store/6j73zhbsgvkk8pjxf7vc4mzzmwj0drjl-jetbrains-jdk-11.0.7-b64/lib/openjdk!/javafx.graphics" type="simple" />
            <root url="jrt:///nix/store/6j73zhbsgvkk8pjxf7vc4mzzmwj0drjl-jetbrains-jdk-11.0.7-b64/lib/openjdk!/javafx.media" type="simple" />
            <root url="jrt:///nix/store/6j73zhbsgvkk8pjxf7vc4mzzmwj0drjl-jetbrains-jdk-11.0.7-b64/lib/openjdk!/javafx.swing" type="simple" />
            <root url="jrt:///nix/store/6j73zhbsgvkk8pjxf7vc4mzzmwj0drjl-jetbrains-jdk-11.0.7-b64/lib/openjdk!/javafx.web" type="simple" />
            <root url="jrt:///nix/store/6j73zhbsgvkk8pjxf7vc4mzzmwj0drjl-jetbrains-jdk-11.0.7-b64/lib/openjdk!/jdk.accessibility" type="simple" />
            <root url="jrt:///nix/store/6j73zhbsgvkk8pjxf7vc4mzzmwj0drjl-jetbrains-jdk-11.0.7-b64/lib/openjdk!/jdk.aot" type="simple" />
            <root url="jrt:///nix/store/6j73zhbsgvkk8pjxf7vc4mzzmwj0drjl-jetbrains-jdk-11.0.7-b64/lib/openjdk!/jdk.attach" type="simple" />
            <root url="jrt:///nix/store/6j73zhbsgvkk8pjxf7vc4mzzmwj0drjl-jetbrains-jdk-11.0.7-b64/lib/openjdk!/jdk.charsets" type="simple" />
            <root url="jrt:///nix/store/6j73zhbsgvkk8pjxf7vc4mzzmwj0drjl-jetbrains-jdk-11.0.7-b64/lib/openjdk!/jdk.compiler" type="simple" />
            <root url="jrt:///nix/store/6j73zhbsgvkk8pjxf7vc4mzzmwj0drjl-jetbrains-jdk-11.0.7-b64/lib/openjdk!/jdk.crypto.cryptoki" type="simple" />
            <root url="jrt:///nix/store/6j73zhbsgvkk8pjxf7vc4mzzmwj0drjl-jetbrains-jdk-11.0.7-b64/lib/openjdk!/jdk.crypto.ec" type="simple" />
            <root url="jrt:///nix/store/6j73zhbsgvkk8pjxf7vc4mzzmwj0drjl-jetbrains-jdk-11.0.7-b64/lib/openjdk!/jdk.dynalink" type="simple" />
            <root url="jrt:///nix/store/6j73zhbsgvkk8pjxf7vc4mzzmwj0drjl-jetbrains-jdk-11.0.7-b64/lib/openjdk!/jdk.editpad" type="simple" />
            <root url="jrt:///nix/store/6j73zhbsgvkk8pjxf7vc4mzzmwj0drjl-jetbrains-jdk-11.0.7-b64/lib/openjdk!/jdk.hotspot.agent" type="simple" />
            <root url="jrt:///nix/store/6j73zhbsgvkk8pjxf7vc4mzzmwj0drjl-jetbrains-jdk-11.0.7-b64/lib/openjdk!/jdk.httpserver" type="simple" />
            <root url="jrt:///nix/store/6j73zhbsgvkk8pjxf7vc4mzzmwj0drjl-jetbrains-jdk-11.0.7-b64/lib/openjdk!/jdk.internal.ed" type="simple" />
            <root url="jrt:///nix/store/6j73zhbsgvkk8pjxf7vc4mzzmwj0drjl-jetbrains-jdk-11.0.7-b64/lib/openjdk!/jdk.internal.jvmstat" type="simple" />
            <root url="jrt:///nix/store/6j73zhbsgvkk8pjxf7vc4mzzmwj0drjl-jetbrains-jdk-11.0.7-b64/lib/openjdk!/jdk.internal.le" type="simple" />
            <root url="jrt:///nix/store/6j73zhbsgvkk8pjxf7vc4mzzmwj0drjl-jetbrains-jdk-11.0.7-b64/lib/openjdk!/jdk.internal.opt" type="simple" />
            <root url="jrt:///nix/store/6j73zhbsgvkk8pjxf7vc4mzzmwj0drjl-jetbrains-jdk-11.0.7-b64/lib/openjdk!/jdk.internal.vm.ci" type="simple" />
            <root url="jrt:///nix/store/6j73zhbsgvkk8pjxf7vc4mzzmwj0drjl-jetbrains-jdk-11.0.7-b64/lib/openjdk!/jdk.internal.vm.compiler" type="simple" />
            <root url="jrt:///nix/store/6j73zhbsgvkk8pjxf7vc4mzzmwj0drjl-jetbrains-jdk-11.0.7-b64/lib/openjdk!/jdk.internal.vm.compiler.management" type="simple" />
            <root url="jrt:///nix/store/6j73zhbsgvkk8pjxf7vc4mzzmwj0drjl-jetbrains-jdk-11.0.7-b64/lib/openjdk!/jdk.jartool" type="simple" />
            <root url="jrt:///nix/store/6j73zhbsgvkk8pjxf7vc4mzzmwj0drjl-jetbrains-jdk-11.0.7-b64/lib/openjdk!/jdk.javadoc" type="simple" />
            <root url="jrt:///nix/store/6j73zhbsgvkk8pjxf7vc4mzzmwj0drjl-jetbrains-jdk-11.0.7-b64/lib/openjdk!/jdk.jcmd" type="simple" />
            <root url="jrt:///nix/store/6j73zhbsgvkk8pjxf7vc4mzzmwj0drjl-jetbrains-jdk-11.0.7-b64/lib/openjdk!/jdk.jconsole" type="simple" />
            <root url="jrt:///nix/store/6j73zhbsgvkk8pjxf7vc4mzzmwj0drjl-jetbrains-jdk-11.0.7-b64/lib/openjdk!/jdk.jdeps" type="simple" />
            <root url="jrt:///nix/store/6j73zhbsgvkk8pjxf7vc4mzzmwj0drjl-jetbrains-jdk-11.0.7-b64/lib/openjdk!/jdk.jdi" type="simple" />
            <root url="jrt:///nix/store/6j73zhbsgvkk8pjxf7vc4mzzmwj0drjl-jetbrains-jdk-11.0.7-b64/lib/openjdk!/jdk.jdwp.agent" type="simple" />
            <root url="jrt:///nix/store/6j73zhbsgvkk8pjxf7vc4mzzmwj0drjl-jetbrains-jdk-11.0.7-b64/lib/openjdk!/jdk.jfr" type="simple" />
            <root url="jrt:///nix/store/6j73zhbsgvkk8pjxf7vc4mzzmwj0drjl-jetbrains-jdk-11.0.7-b64/lib/openjdk!/jdk.jlink" type="simple" />
            <root url="jrt:///nix/store/6j73zhbsgvkk8pjxf7vc4mzzmwj0drjl-jetbrains-jdk-11.0.7-b64/lib/openjdk!/jdk.jshell" type="simple" />
            <root url="jrt:///nix/store/6j73zhbsgvkk8pjxf7vc4mzzmwj0drjl-jetbrains-jdk-11.0.7-b64/lib/openjdk!/jdk.jsobject" type="simple" />
            <root url="jrt:///nix/store/6j73zhbsgvkk8pjxf7vc4mzzmwj0drjl-jetbrains-jdk-11.0.7-b64/lib/openjdk!/jdk.jstatd" type="simple" />
            <root url="jrt:///nix/store/6j73zhbsgvkk8pjxf7vc4mzzmwj0drjl-jetbrains-jdk-11.0.7-b64/lib/openjdk!/jdk.localedata" type="simple" />
            <root url="jrt:///nix/store/6j73zhbsgvkk8pjxf7vc4mzzmwj0drjl-jetbrains-jdk-11.0.7-b64/lib/openjdk!/jdk.management" type="simple" />
            <root url="jrt:///nix/store/6j73zhbsgvkk8pjxf7vc4mzzmwj0drjl-jetbrains-jdk-11.0.7-b64/lib/openjdk!/jdk.management.agent" type="simple" />
            <root url="jrt:///nix/store/6j73zhbsgvkk8pjxf7vc4mzzmwj0drjl-jetbrains-jdk-11.0.7-b64/lib/openjdk!/jdk.management.jfr" type="simple" />
            <root url="jrt:///nix/store/6j73zhbsgvkk8pjxf7vc4mzzmwj0drjl-jetbrains-jdk-11.0.7-b64/lib/openjdk!/jdk.naming.dns" type="simple" />
            <root url="jrt:///nix/store/6j73zhbsgvkk8pjxf7vc4mzzmwj0drjl-jetbrains-jdk-11.0.7-b64/lib/openjdk!/jdk.naming.rmi" type="simple" />
            <root url="jrt:///nix/store/6j73zhbsgvkk8pjxf7vc4mzzmwj0drjl-jetbrains-jdk-11.0.7-b64/lib/openjdk!/jdk.net" type="simple" />
            <root url="jrt:///nix/store/6j73zhbsgvkk8pjxf7vc4mzzmwj0drjl-jetbrains-jdk-11.0.7-b64/lib/openjdk!/jdk.pack" type="simple" />
            <root url="jrt:///nix/store/6j73zhbsgvkk8pjxf7vc4mzzmwj0drjl-jetbrains-jdk-11.0.7-b64/lib/openjdk!/jdk.rmic" type="simple" />
            <root url="jrt:///nix/store/6j73zhbsgvkk8pjxf7vc4mzzmwj0drjl-jetbrains-jdk-11.0.7-b64/lib/openjdk!/jdk.scripting.nashorn" type="simple" />
            <root url="jrt:///nix/store/6j73zhbsgvkk8pjxf7vc4mzzmwj0drjl-jetbrains-jdk-11.0.7-b64/lib/openjdk!/jdk.scripting.nashorn.shell" type="simple" />
            <root url="jrt:///nix/store/6j73zhbsgvkk8pjxf7vc4mzzmwj0drjl-jetbrains-jdk-11.0.7-b64/lib/openjdk!/jdk.sctp" type="simple" />
            <root url="jrt:///nix/store/6j73zhbsgvkk8pjxf7vc4mzzmwj0drjl-jetbrains-jdk-11.0.7-b64/lib/openjdk!/jdk.security.auth" type="simple" />
            <root url="jrt:///nix/store/6j73zhbsgvkk8pjxf7vc4mzzmwj0drjl-jetbrains-jdk-11.0.7-b64/lib/openjdk!/jdk.security.jgss" type="simple" />
            <root url="jrt:///nix/store/6j73zhbsgvkk8pjxf7vc4mzzmwj0drjl-jetbrains-jdk-11.0.7-b64/lib/openjdk!/jdk.unsupported" type="simple" />
            <root url="jrt:///nix/store/6j73zhbsgvkk8pjxf7vc4mzzmwj0drjl-jetbrains-jdk-11.0.7-b64/lib/openjdk!/jdk.unsupported.desktop" type="simple" />
            <root url="jrt:///nix/store/6j73zhbsgvkk8pjxf7vc4mzzmwj0drjl-jetbrains-jdk-11.0.7-b64/lib/openjdk!/jdk.xml.dom" type="simple" />
            <root url="jrt:///nix/store/6j73zhbsgvkk8pjxf7vc4mzzmwj0drjl-jetbrains-jdk-11.0.7-b64/lib/openjdk!/jdk.zipfs" type="simple" />
          </root>
        </classPath>
        <javadocPath>
          <root type="composite" />
        </javadocPath>
        <sourcePath>
          <root type="composite">
            <root url="jar:///nix/store/6j73zhbsgvkk8pjxf7vc4mzzmwj0drjl-jetbrains-jdk-11.0.7-b64/lib/openjdk/lib/src.zip!/java.se" type="simple" />
            <root url="jar:///nix/store/6j73zhbsgvkk8pjxf7vc4mzzmwj0drjl-jetbrains-jdk-11.0.7-b64/lib/openjdk/lib/src.zip!/jdk.aot" type="simple" />
            <root url="jar:///nix/store/6j73zhbsgvkk8pjxf7vc4mzzmwj0drjl-jetbrains-jdk-11.0.7-b64/lib/openjdk/lib/src.zip!/jdk.jdi" type="simple" />
            <root url="jar:///nix/store/6j73zhbsgvkk8pjxf7vc4mzzmwj0drjl-jetbrains-jdk-11.0.7-b64/lib/openjdk/lib/src.zip!/jdk.jfr" type="simple" />
            <root url="jar:///nix/store/6j73zhbsgvkk8pjxf7vc4mzzmwj0drjl-jetbrains-jdk-11.0.7-b64/lib/openjdk/lib/src.zip!/jdk.net" type="simple" />
            <root url="jar:///nix/store/6j73zhbsgvkk8pjxf7vc4mzzmwj0drjl-jetbrains-jdk-11.0.7-b64/lib/openjdk/lib/src.zip!/java.rmi" type="simple" />
            <root url="jar:///nix/store/6j73zhbsgvkk8pjxf7vc4mzzmwj0drjl-jetbrains-jdk-11.0.7-b64/lib/openjdk/lib/src.zip!/java.sql" type="simple" />
            <root url="jar:///nix/store/6j73zhbsgvkk8pjxf7vc4mzzmwj0drjl-jetbrains-jdk-11.0.7-b64/lib/openjdk/lib/src.zip!/java.xml" type="simple" />
            <root url="jar:///nix/store/6j73zhbsgvkk8pjxf7vc4mzzmwj0drjl-jetbrains-jdk-11.0.7-b64/lib/openjdk/lib/src.zip!/jdk.jcmd" type="simple" />
            <root url="jar:///nix/store/6j73zhbsgvkk8pjxf7vc4mzzmwj0drjl-jetbrains-jdk-11.0.7-b64/lib/openjdk/lib/src.zip!/jdk.pack" type="simple" />
            <root url="jar:///nix/store/6j73zhbsgvkk8pjxf7vc4mzzmwj0drjl-jetbrains-jdk-11.0.7-b64/lib/openjdk/lib/src.zip!/jdk.rmic" type="simple" />
            <root url="jar:///nix/store/6j73zhbsgvkk8pjxf7vc4mzzmwj0drjl-jetbrains-jdk-11.0.7-b64/lib/openjdk/lib/src.zip!/jdk.sctp" type="simple" />
            <root url="jar:///nix/store/6j73zhbsgvkk8pjxf7vc4mzzmwj0drjl-jetbrains-jdk-11.0.7-b64/lib/openjdk/lib/src.zip!/java.base" type="simple" />
            <root url="jar:///nix/store/6j73zhbsgvkk8pjxf7vc4mzzmwj0drjl-jetbrains-jdk-11.0.7-b64/lib/openjdk/lib/src.zip!/jdk.jdeps" type="simple" />
            <root url="jar:///nix/store/6j73zhbsgvkk8pjxf7vc4mzzmwj0drjl-jetbrains-jdk-11.0.7-b64/lib/openjdk/lib/src.zip!/jdk.jlink" type="simple" />
            <root url="jar:///nix/store/6j73zhbsgvkk8pjxf7vc4mzzmwj0drjl-jetbrains-jdk-11.0.7-b64/lib/openjdk/lib/src.zip!/jdk.zipfs" type="simple" />
            <root url="jar:///nix/store/6j73zhbsgvkk8pjxf7vc4mzzmwj0drjl-jetbrains-jdk-11.0.7-b64/lib/openjdk/lib/src.zip!/java.prefs" type="simple" />
            <root url="jar:///nix/store/6j73zhbsgvkk8pjxf7vc4mzzmwj0drjl-jetbrains-jdk-11.0.7-b64/lib/openjdk/lib/src.zip!/javafx.web" type="simple" />
            <root url="jar:///nix/store/6j73zhbsgvkk8pjxf7vc4mzzmwj0drjl-jetbrains-jdk-11.0.7-b64/lib/openjdk/lib/src.zip!/jdk.attach" type="simple" />
            <root url="jar:///nix/store/6j73zhbsgvkk8pjxf7vc4mzzmwj0drjl-jetbrains-jdk-11.0.7-b64/lib/openjdk/lib/src.zip!/jdk.jshell" type="simple" />
            <root url="jar:///nix/store/6j73zhbsgvkk8pjxf7vc4mzzmwj0drjl-jetbrains-jdk-11.0.7-b64/lib/openjdk/lib/src.zip!/jdk.jstatd" type="simple" />
            <root url="jar:///nix/store/6j73zhbsgvkk8pjxf7vc4mzzmwj0drjl-jetbrains-jdk-11.0.7-b64/lib/openjdk/lib/src.zip!/java.naming" type="simple" />
            <root url="jar:///nix/store/6j73zhbsgvkk8pjxf7vc4mzzmwj0drjl-jetbrains-jdk-11.0.7-b64/lib/openjdk/lib/src.zip!/javafx.base" type="simple" />
            <root url="jar:///nix/store/6j73zhbsgvkk8pjxf7vc4mzzmwj0drjl-jetbrains-jdk-11.0.7-b64/lib/openjdk/lib/src.zip!/javafx.fxml" type="simple" />
            <root url="jar:///nix/store/6j73zhbsgvkk8pjxf7vc4mzzmwj0drjl-jetbrains-jdk-11.0.7-b64/lib/openjdk/lib/src.zip!/jdk.editpad" type="simple" />
            <root url="jar:///nix/store/6j73zhbsgvkk8pjxf7vc4mzzmwj0drjl-jetbrains-jdk-11.0.7-b64/lib/openjdk/lib/src.zip!/jdk.jartool" type="simple" />
            <root url="jar:///nix/store/6j73zhbsgvkk8pjxf7vc4mzzmwj0drjl-jetbrains-jdk-11.0.7-b64/lib/openjdk/lib/src.zip!/jdk.javadoc" type="simple" />
            <root url="jar:///nix/store/6j73zhbsgvkk8pjxf7vc4mzzmwj0drjl-jetbrains-jdk-11.0.7-b64/lib/openjdk/lib/src.zip!/jdk.xml.dom" type="simple" />
            <root url="jar:///nix/store/6j73zhbsgvkk8pjxf7vc4mzzmwj0drjl-jetbrains-jdk-11.0.7-b64/lib/openjdk/lib/src.zip!/java.desktop" type="simple" />
            <root url="jar:///nix/store/6j73zhbsgvkk8pjxf7vc4mzzmwj0drjl-jetbrains-jdk-11.0.7-b64/lib/openjdk/lib/src.zip!/java.logging" type="simple" />
            <root url="jar:///nix/store/6j73zhbsgvkk8pjxf7vc4mzzmwj0drjl-jetbrains-jdk-11.0.7-b64/lib/openjdk/lib/src.zip!/javafx.media" type="simple" />
            <root url="jar:///nix/store/6j73zhbsgvkk8pjxf7vc4mzzmwj0drjl-jetbrains-jdk-11.0.7-b64/lib/openjdk/lib/src.zip!/javafx.swing" type="simple" />
            <root url="jar:///nix/store/6j73zhbsgvkk8pjxf7vc4mzzmwj0drjl-jetbrains-jdk-11.0.7-b64/lib/openjdk/lib/src.zip!/jdk.charsets" type="simple" />
            <root url="jar:///nix/store/6j73zhbsgvkk8pjxf7vc4mzzmwj0drjl-jetbrains-jdk-11.0.7-b64/lib/openjdk/lib/src.zip!/jdk.compiler" type="simple" />
            <root url="jar:///nix/store/6j73zhbsgvkk8pjxf7vc4mzzmwj0drjl-jetbrains-jdk-11.0.7-b64/lib/openjdk/lib/src.zip!/jdk.dynalink" type="simple" />
            <root url="jar:///nix/store/6j73zhbsgvkk8pjxf7vc4mzzmwj0drjl-jetbrains-jdk-11.0.7-b64/lib/openjdk/lib/src.zip!/jdk.jconsole" type="simple" />
            <root url="jar:///nix/store/6j73zhbsgvkk8pjxf7vc4mzzmwj0drjl-jetbrains-jdk-11.0.7-b64/lib/openjdk/lib/src.zip!/jdk.jsobject" type="simple" />
            <root url="jar:///nix/store/6j73zhbsgvkk8pjxf7vc4mzzmwj0drjl-jetbrains-jdk-11.0.7-b64/lib/openjdk/lib/src.zip!/java.compiler" type="simple" />
            <root url="jar:///nix/store/6j73zhbsgvkk8pjxf7vc4mzzmwj0drjl-jetbrains-jdk-11.0.7-b64/lib/openjdk/lib/src.zip!/java.net.http" type="simple" />
            <root url="jar:///nix/store/6j73zhbsgvkk8pjxf7vc4mzzmwj0drjl-jetbrains-jdk-11.0.7-b64/lib/openjdk/lib/src.zip!/jdk.crypto.ec" type="simple" />
            <root url="jar:///nix/store/6j73zhbsgvkk8pjxf7vc4mzzmwj0drjl-jetbrains-jdk-11.0.7-b64/lib/openjdk/lib/src.zip!/java.scripting" type="simple" />
            <root url="jar:///nix/store/6j73zhbsgvkk8pjxf7vc4mzzmwj0drjl-jetbrains-jdk-11.0.7-b64/lib/openjdk/lib/src.zip!/jdk.httpserver" type="simple" />
            <root url="jar:///nix/store/6j73zhbsgvkk8pjxf7vc4mzzmwj0drjl-jetbrains-jdk-11.0.7-b64/lib/openjdk/lib/src.zip!/jdk.jdwp.agent" type="simple" />
            <root url="jar:///nix/store/6j73zhbsgvkk8pjxf7vc4mzzmwj0drjl-jetbrains-jdk-11.0.7-b64/lib/openjdk/lib/src.zip!/jdk.localedata" type="simple" />
            <root url="jar:///nix/store/6j73zhbsgvkk8pjxf7vc4mzzmwj0drjl-jetbrains-jdk-11.0.7-b64/lib/openjdk/lib/src.zip!/jdk.management" type="simple" />
            <root url="jar:///nix/store/6j73zhbsgvkk8pjxf7vc4mzzmwj0drjl-jetbrains-jdk-11.0.7-b64/lib/openjdk/lib/src.zip!/jdk.naming.dns" type="simple" />
            <root url="jar:///nix/store/6j73zhbsgvkk8pjxf7vc4mzzmwj0drjl-jetbrains-jdk-11.0.7-b64/lib/openjdk/lib/src.zip!/jdk.naming.rmi" type="simple" />
            <root url="jar:///nix/store/6j73zhbsgvkk8pjxf7vc4mzzmwj0drjl-jetbrains-jdk-11.0.7-b64/lib/openjdk/lib/src.zip!/java.instrument" type="simple" />
            <root url="jar:///nix/store/6j73zhbsgvkk8pjxf7vc4mzzmwj0drjl-jetbrains-jdk-11.0.7-b64/lib/openjdk/lib/src.zip!/java.management" type="simple" />
            <root url="jar:///nix/store/6j73zhbsgvkk8pjxf7vc4mzzmwj0drjl-jetbrains-jdk-11.0.7-b64/lib/openjdk/lib/src.zip!/java.sql.rowset" type="simple" />
            <root url="jar:///nix/store/6j73zhbsgvkk8pjxf7vc4mzzmwj0drjl-jetbrains-jdk-11.0.7-b64/lib/openjdk/lib/src.zip!/java.xml.crypto" type="simple" />
            <root url="jar:///nix/store/6j73zhbsgvkk8pjxf7vc4mzzmwj0drjl-jetbrains-jdk-11.0.7-b64/lib/openjdk/lib/src.zip!/javafx.controls" type="simple" />
            <root url="jar:///nix/store/6j73zhbsgvkk8pjxf7vc4mzzmwj0drjl-jetbrains-jdk-11.0.7-b64/lib/openjdk/lib/src.zip!/javafx.graphics" type="simple" />
            <root url="jar:///nix/store/6j73zhbsgvkk8pjxf7vc4mzzmwj0drjl-jetbrains-jdk-11.0.7-b64/lib/openjdk/lib/src.zip!/jdk.internal.ed" type="simple" />
            <root url="jar:///nix/store/6j73zhbsgvkk8pjxf7vc4mzzmwj0drjl-jetbrains-jdk-11.0.7-b64/lib/openjdk/lib/src.zip!/jdk.internal.le" type="simple" />
            <root url="jar:///nix/store/6j73zhbsgvkk8pjxf7vc4mzzmwj0drjl-jetbrains-jdk-11.0.7-b64/lib/openjdk/lib/src.zip!/jdk.unsupported" type="simple" />
            <root url="jar:///nix/store/6j73zhbsgvkk8pjxf7vc4mzzmwj0drjl-jetbrains-jdk-11.0.7-b64/lib/openjdk/lib/src.zip!/java.smartcardio" type="simple" />
            <root url="jar:///nix/store/6j73zhbsgvkk8pjxf7vc4mzzmwj0drjl-jetbrains-jdk-11.0.7-b64/lib/openjdk/lib/src.zip!/jdk.internal.opt" type="simple" />
            <root url="jar:///nix/store/6j73zhbsgvkk8pjxf7vc4mzzmwj0drjl-jetbrains-jdk-11.0.7-b64/lib/openjdk/lib/src.zip!/java.datatransfer" type="simple" />
            <root url="jar:///nix/store/6j73zhbsgvkk8pjxf7vc4mzzmwj0drjl-jetbrains-jdk-11.0.7-b64/lib/openjdk/lib/src.zip!/jdk.accessibility" type="simple" />
            <root url="jar:///nix/store/6j73zhbsgvkk8pjxf7vc4mzzmwj0drjl-jetbrains-jdk-11.0.7-b64/lib/openjdk/lib/src.zip!/jdk.hotspot.agent" type="simple" />
            <root url="jar:///nix/store/6j73zhbsgvkk8pjxf7vc4mzzmwj0drjl-jetbrains-jdk-11.0.7-b64/lib/openjdk/lib/src.zip!/jdk.security.auth" type="simple" />
            <root url="jar:///nix/store/6j73zhbsgvkk8pjxf7vc4mzzmwj0drjl-jetbrains-jdk-11.0.7-b64/lib/openjdk/lib/src.zip!/jdk.security.jgss" type="simple" />
            <root url="jar:///nix/store/6j73zhbsgvkk8pjxf7vc4mzzmwj0drjl-jetbrains-jdk-11.0.7-b64/lib/openjdk/lib/src.zip!/java.security.jgss" type="simple" />
            <root url="jar:///nix/store/6j73zhbsgvkk8pjxf7vc4mzzmwj0drjl-jetbrains-jdk-11.0.7-b64/lib/openjdk/lib/src.zip!/java.security.sasl" type="simple" />
            <root url="jar:///nix/store/6j73zhbsgvkk8pjxf7vc4mzzmwj0drjl-jetbrains-jdk-11.0.7-b64/lib/openjdk/lib/src.zip!/jdk.internal.vm.ci" type="simple" />
            <root url="jar:///nix/store/6j73zhbsgvkk8pjxf7vc4mzzmwj0drjl-jetbrains-jdk-11.0.7-b64/lib/openjdk/lib/src.zip!/jdk.management.jfr" type="simple" />
            <root url="jar:///nix/store/6j73zhbsgvkk8pjxf7vc4mzzmwj0drjl-jetbrains-jdk-11.0.7-b64/lib/openjdk/lib/src.zip!/java.management.rmi" type="simple" />
            <root url="jar:///nix/store/6j73zhbsgvkk8pjxf7vc4mzzmwj0drjl-jetbrains-jdk-11.0.7-b64/lib/openjdk/lib/src.zip!/java.transaction.xa" type="simple" />
            <root url="jar:///nix/store/6j73zhbsgvkk8pjxf7vc4mzzmwj0drjl-jetbrains-jdk-11.0.7-b64/lib/openjdk/lib/src.zip!/jdk.crypto.cryptoki" type="simple" />
            <root url="jar:///nix/store/6j73zhbsgvkk8pjxf7vc4mzzmwj0drjl-jetbrains-jdk-11.0.7-b64/lib/openjdk/lib/src.zip!/jdk.internal.jvmstat" type="simple" />
            <root url="jar:///nix/store/6j73zhbsgvkk8pjxf7vc4mzzmwj0drjl-jetbrains-jdk-11.0.7-b64/lib/openjdk/lib/src.zip!/jdk.management.agent" type="simple" />
            <root url="jar:///nix/store/6j73zhbsgvkk8pjxf7vc4mzzmwj0drjl-jetbrains-jdk-11.0.7-b64/lib/openjdk/lib/src.zip!/jdk.scripting.nashorn" type="simple" />
            <root url="jar:///nix/store/6j73zhbsgvkk8pjxf7vc4mzzmwj0drjl-jetbrains-jdk-11.0.7-b64/lib/openjdk/lib/src.zip!/jdk.unsupported.desktop" type="simple" />
            <root url="jar:///nix/store/6j73zhbsgvkk8pjxf7vc4mzzmwj0drjl-jetbrains-jdk-11.0.7-b64/lib/openjdk/lib/src.zip!/jdk.internal.vm.compiler" type="simple" />
            <root url="jar:///nix/store/6j73zhbsgvkk8pjxf7vc4mzzmwj0drjl-jetbrains-jdk-11.0.7-b64/lib/openjdk/lib/src.zip!/jdk.scripting.nashorn.shell" type="simple" />
            <root url="jar:///nix/store/6j73zhbsgvkk8pjxf7vc4mzzmwj0drjl-jetbrains-jdk-11.0.7-b64/lib/openjdk/lib/src.zip!/jdk.internal.vm.compiler.management" type="simple" />
          </root>
        </sourcePath>
      </roots>
      <additional />
    </jdk>
    <jdk version="2">
      <name value="11 (3)" />
      <type value="JavaSDK" />
      <version value="java version &quot;11.0.7&quot;" />
      <homePath value="/nix/store/96svqkh8dhddz0j7raykwdm6jl3b1b00-jetbrains-jdk-11.0.7-b64/lib/openjdk" />
      <roots>
        <annotationsPath>
          <root type="composite">
            <root url="jar://$APPLICATION_HOME_DIR$/plugins/java/lib/jdkAnnotations.jar!/" type="simple" />
          </root>
        </annotationsPath>
        <classPath>
          <root type="composite">
            <root url="jrt:///nix/store/96svqkh8dhddz0j7raykwdm6jl3b1b00-jetbrains-jdk-11.0.7-b64/lib/openjdk!/java.base" type="simple" />
            <root url="jrt:///nix/store/96svqkh8dhddz0j7raykwdm6jl3b1b00-jetbrains-jdk-11.0.7-b64/lib/openjdk!/java.compiler" type="simple" />
            <root url="jrt:///nix/store/96svqkh8dhddz0j7raykwdm6jl3b1b00-jetbrains-jdk-11.0.7-b64/lib/openjdk!/java.datatransfer" type="simple" />
            <root url="jrt:///nix/store/96svqkh8dhddz0j7raykwdm6jl3b1b00-jetbrains-jdk-11.0.7-b64/lib/openjdk!/java.desktop" type="simple" />
            <root url="jrt:///nix/store/96svqkh8dhddz0j7raykwdm6jl3b1b00-jetbrains-jdk-11.0.7-b64/lib/openjdk!/java.instrument" type="simple" />
            <root url="jrt:///nix/store/96svqkh8dhddz0j7raykwdm6jl3b1b00-jetbrains-jdk-11.0.7-b64/lib/openjdk!/java.logging" type="simple" />
            <root url="jrt:///nix/store/96svqkh8dhddz0j7raykwdm6jl3b1b00-jetbrains-jdk-11.0.7-b64/lib/openjdk!/java.management" type="simple" />
            <root url="jrt:///nix/store/96svqkh8dhddz0j7raykwdm6jl3b1b00-jetbrains-jdk-11.0.7-b64/lib/openjdk!/java.management.rmi" type="simple" />
            <root url="jrt:///nix/store/96svqkh8dhddz0j7raykwdm6jl3b1b00-jetbrains-jdk-11.0.7-b64/lib/openjdk!/java.naming" type="simple" />
            <root url="jrt:///nix/store/96svqkh8dhddz0j7raykwdm6jl3b1b00-jetbrains-jdk-11.0.7-b64/lib/openjdk!/java.net.http" type="simple" />
            <root url="jrt:///nix/store/96svqkh8dhddz0j7raykwdm6jl3b1b00-jetbrains-jdk-11.0.7-b64/lib/openjdk!/java.prefs" type="simple" />
            <root url="jrt:///nix/store/96svqkh8dhddz0j7raykwdm6jl3b1b00-jetbrains-jdk-11.0.7-b64/lib/openjdk!/java.rmi" type="simple" />
            <root url="jrt:///nix/store/96svqkh8dhddz0j7raykwdm6jl3b1b00-jetbrains-jdk-11.0.7-b64/lib/openjdk!/java.scripting" type="simple" />
            <root url="jrt:///nix/store/96svqkh8dhddz0j7raykwdm6jl3b1b00-jetbrains-jdk-11.0.7-b64/lib/openjdk!/java.se" type="simple" />
            <root url="jrt:///nix/store/96svqkh8dhddz0j7raykwdm6jl3b1b00-jetbrains-jdk-11.0.7-b64/lib/openjdk!/java.security.jgss" type="simple" />
            <root url="jrt:///nix/store/96svqkh8dhddz0j7raykwdm6jl3b1b00-jetbrains-jdk-11.0.7-b64/lib/openjdk!/java.security.sasl" type="simple" />
            <root url="jrt:///nix/store/96svqkh8dhddz0j7raykwdm6jl3b1b00-jetbrains-jdk-11.0.7-b64/lib/openjdk!/java.smartcardio" type="simple" />
            <root url="jrt:///nix/store/96svqkh8dhddz0j7raykwdm6jl3b1b00-jetbrains-jdk-11.0.7-b64/lib/openjdk!/java.sql" type="simple" />
            <root url="jrt:///nix/store/96svqkh8dhddz0j7raykwdm6jl3b1b00-jetbrains-jdk-11.0.7-b64/lib/openjdk!/java.sql.rowset" type="simple" />
            <root url="jrt:///nix/store/96svqkh8dhddz0j7raykwdm6jl3b1b00-jetbrains-jdk-11.0.7-b64/lib/openjdk!/java.transaction.xa" type="simple" />
            <root url="jrt:///nix/store/96svqkh8dhddz0j7raykwdm6jl3b1b00-jetbrains-jdk-11.0.7-b64/lib/openjdk!/java.xml" type="simple" />
            <root url="jrt:///nix/store/96svqkh8dhddz0j7raykwdm6jl3b1b00-jetbrains-jdk-11.0.7-b64/lib/openjdk!/java.xml.crypto" type="simple" />
            <root url="jrt:///nix/store/96svqkh8dhddz0j7raykwdm6jl3b1b00-jetbrains-jdk-11.0.7-b64/lib/openjdk!/javafx.base" type="simple" />
            <root url="jrt:///nix/store/96svqkh8dhddz0j7raykwdm6jl3b1b00-jetbrains-jdk-11.0.7-b64/lib/openjdk!/javafx.controls" type="simple" />
            <root url="jrt:///nix/store/96svqkh8dhddz0j7raykwdm6jl3b1b00-jetbrains-jdk-11.0.7-b64/lib/openjdk!/javafx.fxml" type="simple" />
            <root url="jrt:///nix/store/96svqkh8dhddz0j7raykwdm6jl3b1b00-jetbrains-jdk-11.0.7-b64/lib/openjdk!/javafx.graphics" type="simple" />
            <root url="jrt:///nix/store/96svqkh8dhddz0j7raykwdm6jl3b1b00-jetbrains-jdk-11.0.7-b64/lib/openjdk!/javafx.media" type="simple" />
            <root url="jrt:///nix/store/96svqkh8dhddz0j7raykwdm6jl3b1b00-jetbrains-jdk-11.0.7-b64/lib/openjdk!/javafx.swing" type="simple" />
            <root url="jrt:///nix/store/96svqkh8dhddz0j7raykwdm6jl3b1b00-jetbrains-jdk-11.0.7-b64/lib/openjdk!/javafx.web" type="simple" />
            <root url="jrt:///nix/store/96svqkh8dhddz0j7raykwdm6jl3b1b00-jetbrains-jdk-11.0.7-b64/lib/openjdk!/jdk.accessibility" type="simple" />
            <root url="jrt:///nix/store/96svqkh8dhddz0j7raykwdm6jl3b1b00-jetbrains-jdk-11.0.7-b64/lib/openjdk!/jdk.aot" type="simple" />
            <root url="jrt:///nix/store/96svqkh8dhddz0j7raykwdm6jl3b1b00-jetbrains-jdk-11.0.7-b64/lib/openjdk!/jdk.attach" type="simple" />
            <root url="jrt:///nix/store/96svqkh8dhddz0j7raykwdm6jl3b1b00-jetbrains-jdk-11.0.7-b64/lib/openjdk!/jdk.charsets" type="simple" />
            <root url="jrt:///nix/store/96svqkh8dhddz0j7raykwdm6jl3b1b00-jetbrains-jdk-11.0.7-b64/lib/openjdk!/jdk.compiler" type="simple" />
            <root url="jrt:///nix/store/96svqkh8dhddz0j7raykwdm6jl3b1b00-jetbrains-jdk-11.0.7-b64/lib/openjdk!/jdk.crypto.cryptoki" type="simple" />
            <root url="jrt:///nix/store/96svqkh8dhddz0j7raykwdm6jl3b1b00-jetbrains-jdk-11.0.7-b64/lib/openjdk!/jdk.crypto.ec" type="simple" />
            <root url="jrt:///nix/store/96svqkh8dhddz0j7raykwdm6jl3b1b00-jetbrains-jdk-11.0.7-b64/lib/openjdk!/jdk.dynalink" type="simple" />
            <root url="jrt:///nix/store/96svqkh8dhddz0j7raykwdm6jl3b1b00-jetbrains-jdk-11.0.7-b64/lib/openjdk!/jdk.editpad" type="simple" />
            <root url="jrt:///nix/store/96svqkh8dhddz0j7raykwdm6jl3b1b00-jetbrains-jdk-11.0.7-b64/lib/openjdk!/jdk.hotspot.agent" type="simple" />
            <root url="jrt:///nix/store/96svqkh8dhddz0j7raykwdm6jl3b1b00-jetbrains-jdk-11.0.7-b64/lib/openjdk!/jdk.httpserver" type="simple" />
            <root url="jrt:///nix/store/96svqkh8dhddz0j7raykwdm6jl3b1b00-jetbrains-jdk-11.0.7-b64/lib/openjdk!/jdk.internal.ed" type="simple" />
            <root url="jrt:///nix/store/96svqkh8dhddz0j7raykwdm6jl3b1b00-jetbrains-jdk-11.0.7-b64/lib/openjdk!/jdk.internal.jvmstat" type="simple" />
            <root url="jrt:///nix/store/96svqkh8dhddz0j7raykwdm6jl3b1b00-jetbrains-jdk-11.0.7-b64/lib/openjdk!/jdk.internal.le" type="simple" />
            <root url="jrt:///nix/store/96svqkh8dhddz0j7raykwdm6jl3b1b00-jetbrains-jdk-11.0.7-b64/lib/openjdk!/jdk.internal.opt" type="simple" />
            <root url="jrt:///nix/store/96svqkh8dhddz0j7raykwdm6jl3b1b00-jetbrains-jdk-11.0.7-b64/lib/openjdk!/jdk.internal.vm.ci" type="simple" />
            <root url="jrt:///nix/store/96svqkh8dhddz0j7raykwdm6jl3b1b00-jetbrains-jdk-11.0.7-b64/lib/openjdk!/jdk.internal.vm.compiler" type="simple" />
            <root url="jrt:///nix/store/96svqkh8dhddz0j7raykwdm6jl3b1b00-jetbrains-jdk-11.0.7-b64/lib/openjdk!/jdk.internal.vm.compiler.management" type="simple" />
            <root url="jrt:///nix/store/96svqkh8dhddz0j7raykwdm6jl3b1b00-jetbrains-jdk-11.0.7-b64/lib/openjdk!/jdk.jartool" type="simple" />
            <root url="jrt:///nix/store/96svqkh8dhddz0j7raykwdm6jl3b1b00-jetbrains-jdk-11.0.7-b64/lib/openjdk!/jdk.javadoc" type="simple" />
            <root url="jrt:///nix/store/96svqkh8dhddz0j7raykwdm6jl3b1b00-jetbrains-jdk-11.0.7-b64/lib/openjdk!/jdk.jcmd" type="simple" />
            <root url="jrt:///nix/store/96svqkh8dhddz0j7raykwdm6jl3b1b00-jetbrains-jdk-11.0.7-b64/lib/openjdk!/jdk.jconsole" type="simple" />
            <root url="jrt:///nix/store/96svqkh8dhddz0j7raykwdm6jl3b1b00-jetbrains-jdk-11.0.7-b64/lib/openjdk!/jdk.jdeps" type="simple" />
            <root url="jrt:///nix/store/96svqkh8dhddz0j7raykwdm6jl3b1b00-jetbrains-jdk-11.0.7-b64/lib/openjdk!/jdk.jdi" type="simple" />
            <root url="jrt:///nix/store/96svqkh8dhddz0j7raykwdm6jl3b1b00-jetbrains-jdk-11.0.7-b64/lib/openjdk!/jdk.jdwp.agent" type="simple" />
            <root url="jrt:///nix/store/96svqkh8dhddz0j7raykwdm6jl3b1b00-jetbrains-jdk-11.0.7-b64/lib/openjdk!/jdk.jfr" type="simple" />
            <root url="jrt:///nix/store/96svqkh8dhddz0j7raykwdm6jl3b1b00-jetbrains-jdk-11.0.7-b64/lib/openjdk!/jdk.jlink" type="simple" />
            <root url="jrt:///nix/store/96svqkh8dhddz0j7raykwdm6jl3b1b00-jetbrains-jdk-11.0.7-b64/lib/openjdk!/jdk.jshell" type="simple" />
            <root url="jrt:///nix/store/96svqkh8dhddz0j7raykwdm6jl3b1b00-jetbrains-jdk-11.0.7-b64/lib/openjdk!/jdk.jsobject" type="simple" />
            <root url="jrt:///nix/store/96svqkh8dhddz0j7raykwdm6jl3b1b00-jetbrains-jdk-11.0.7-b64/lib/openjdk!/jdk.jstatd" type="simple" />
            <root url="jrt:///nix/store/96svqkh8dhddz0j7raykwdm6jl3b1b00-jetbrains-jdk-11.0.7-b64/lib/openjdk!/jdk.localedata" type="simple" />
            <root url="jrt:///nix/store/96svqkh8dhddz0j7raykwdm6jl3b1b00-jetbrains-jdk-11.0.7-b64/lib/openjdk!/jdk.management" type="simple" />
            <root url="jrt:///nix/store/96svqkh8dhddz0j7raykwdm6jl3b1b00-jetbrains-jdk-11.0.7-b64/lib/openjdk!/jdk.management.agent" type="simple" />
            <root url="jrt:///nix/store/96svqkh8dhddz0j7raykwdm6jl3b1b00-jetbrains-jdk-11.0.7-b64/lib/openjdk!/jdk.management.jfr" type="simple" />
            <root url="jrt:///nix/store/96svqkh8dhddz0j7raykwdm6jl3b1b00-jetbrains-jdk-11.0.7-b64/lib/openjdk!/jdk.naming.dns" type="simple" />
            <root url="jrt:///nix/store/96svqkh8dhddz0j7raykwdm6jl3b1b00-jetbrains-jdk-11.0.7-b64/lib/openjdk!/jdk.naming.rmi" type="simple" />
            <root url="jrt:///nix/store/96svqkh8dhddz0j7raykwdm6jl3b1b00-jetbrains-jdk-11.0.7-b64/lib/openjdk!/jdk.net" type="simple" />
            <root url="jrt:///nix/store/96svqkh8dhddz0j7raykwdm6jl3b1b00-jetbrains-jdk-11.0.7-b64/lib/openjdk!/jdk.pack" type="simple" />
            <root url="jrt:///nix/store/96svqkh8dhddz0j7raykwdm6jl3b1b00-jetbrains-jdk-11.0.7-b64/lib/openjdk!/jdk.rmic" type="simple" />
            <root url="jrt:///nix/store/96svqkh8dhddz0j7raykwdm6jl3b1b00-jetbrains-jdk-11.0.7-b64/lib/openjdk!/jdk.scripting.nashorn" type="simple" />
            <root url="jrt:///nix/store/96svqkh8dhddz0j7raykwdm6jl3b1b00-jetbrains-jdk-11.0.7-b64/lib/openjdk!/jdk.scripting.nashorn.shell" type="simple" />
            <root url="jrt:///nix/store/96svqkh8dhddz0j7raykwdm6jl3b1b00-jetbrains-jdk-11.0.7-b64/lib/openjdk!/jdk.sctp" type="simple" />
            <root url="jrt:///nix/store/96svqkh8dhddz0j7raykwdm6jl3b1b00-jetbrains-jdk-11.0.7-b64/lib/openjdk!/jdk.security.auth" type="simple" />
            <root url="jrt:///nix/store/96svqkh8dhddz0j7raykwdm6jl3b1b00-jetbrains-jdk-11.0.7-b64/lib/openjdk!/jdk.security.jgss" type="simple" />
            <root url="jrt:///nix/store/96svqkh8dhddz0j7raykwdm6jl3b1b00-jetbrains-jdk-11.0.7-b64/lib/openjdk!/jdk.unsupported" type="simple" />
            <root url="jrt:///nix/store/96svqkh8dhddz0j7raykwdm6jl3b1b00-jetbrains-jdk-11.0.7-b64/lib/openjdk!/jdk.unsupported.desktop" type="simple" />
            <root url="jrt:///nix/store/96svqkh8dhddz0j7raykwdm6jl3b1b00-jetbrains-jdk-11.0.7-b64/lib/openjdk!/jdk.xml.dom" type="simple" />
            <root url="jrt:///nix/store/96svqkh8dhddz0j7raykwdm6jl3b1b00-jetbrains-jdk-11.0.7-b64/lib/openjdk!/jdk.zipfs" type="simple" />
          </root>
        </classPath>
        <javadocPath>
          <root type="composite" />
        </javadocPath>
        <sourcePath>
          <root type="composite">
            <root url="jar:///nix/store/96svqkh8dhddz0j7raykwdm6jl3b1b00-jetbrains-jdk-11.0.7-b64/lib/openjdk/lib/src.zip!/java.se" type="simple" />
            <root url="jar:///nix/store/96svqkh8dhddz0j7raykwdm6jl3b1b00-jetbrains-jdk-11.0.7-b64/lib/openjdk/lib/src.zip!/jdk.aot" type="simple" />
            <root url="jar:///nix/store/96svqkh8dhddz0j7raykwdm6jl3b1b00-jetbrains-jdk-11.0.7-b64/lib/openjdk/lib/src.zip!/jdk.jdi" type="simple" />
            <root url="jar:///nix/store/96svqkh8dhddz0j7raykwdm6jl3b1b00-jetbrains-jdk-11.0.7-b64/lib/openjdk/lib/src.zip!/jdk.jfr" type="simple" />
            <root url="jar:///nix/store/96svqkh8dhddz0j7raykwdm6jl3b1b00-jetbrains-jdk-11.0.7-b64/lib/openjdk/lib/src.zip!/jdk.net" type="simple" />
            <root url="jar:///nix/store/96svqkh8dhddz0j7raykwdm6jl3b1b00-jetbrains-jdk-11.0.7-b64/lib/openjdk/lib/src.zip!/java.rmi" type="simple" />
            <root url="jar:///nix/store/96svqkh8dhddz0j7raykwdm6jl3b1b00-jetbrains-jdk-11.0.7-b64/lib/openjdk/lib/src.zip!/java.sql" type="simple" />
            <root url="jar:///nix/store/96svqkh8dhddz0j7raykwdm6jl3b1b00-jetbrains-jdk-11.0.7-b64/lib/openjdk/lib/src.zip!/java.xml" type="simple" />
            <root url="jar:///nix/store/96svqkh8dhddz0j7raykwdm6jl3b1b00-jetbrains-jdk-11.0.7-b64/lib/openjdk/lib/src.zip!/jdk.jcmd" type="simple" />
            <root url="jar:///nix/store/96svqkh8dhddz0j7raykwdm6jl3b1b00-jetbrains-jdk-11.0.7-b64/lib/openjdk/lib/src.zip!/jdk.pack" type="simple" />
            <root url="jar:///nix/store/96svqkh8dhddz0j7raykwdm6jl3b1b00-jetbrains-jdk-11.0.7-b64/lib/openjdk/lib/src.zip!/jdk.rmic" type="simple" />
            <root url="jar:///nix/store/96svqkh8dhddz0j7raykwdm6jl3b1b00-jetbrains-jdk-11.0.7-b64/lib/openjdk/lib/src.zip!/jdk.sctp" type="simple" />
            <root url="jar:///nix/store/96svqkh8dhddz0j7raykwdm6jl3b1b00-jetbrains-jdk-11.0.7-b64/lib/openjdk/lib/src.zip!/java.base" type="simple" />
            <root url="jar:///nix/store/96svqkh8dhddz0j7raykwdm6jl3b1b00-jetbrains-jdk-11.0.7-b64/lib/openjdk/lib/src.zip!/jdk.jdeps" type="simple" />
            <root url="jar:///nix/store/96svqkh8dhddz0j7raykwdm6jl3b1b00-jetbrains-jdk-11.0.7-b64/lib/openjdk/lib/src.zip!/jdk.jlink" type="simple" />
            <root url="jar:///nix/store/96svqkh8dhddz0j7raykwdm6jl3b1b00-jetbrains-jdk-11.0.7-b64/lib/openjdk/lib/src.zip!/jdk.zipfs" type="simple" />
            <root url="jar:///nix/store/96svqkh8dhddz0j7raykwdm6jl3b1b00-jetbrains-jdk-11.0.7-b64/lib/openjdk/lib/src.zip!/java.prefs" type="simple" />
            <root url="jar:///nix/store/96svqkh8dhddz0j7raykwdm6jl3b1b00-jetbrains-jdk-11.0.7-b64/lib/openjdk/lib/src.zip!/javafx.web" type="simple" />
            <root url="jar:///nix/store/96svqkh8dhddz0j7raykwdm6jl3b1b00-jetbrains-jdk-11.0.7-b64/lib/openjdk/lib/src.zip!/jdk.attach" type="simple" />
            <root url="jar:///nix/store/96svqkh8dhddz0j7raykwdm6jl3b1b00-jetbrains-jdk-11.0.7-b64/lib/openjdk/lib/src.zip!/jdk.jshell" type="simple" />
            <root url="jar:///nix/store/96svqkh8dhddz0j7raykwdm6jl3b1b00-jetbrains-jdk-11.0.7-b64/lib/openjdk/lib/src.zip!/jdk.jstatd" type="simple" />
            <root url="jar:///nix/store/96svqkh8dhddz0j7raykwdm6jl3b1b00-jetbrains-jdk-11.0.7-b64/lib/openjdk/lib/src.zip!/java.naming" type="simple" />
            <root url="jar:///nix/store/96svqkh8dhddz0j7raykwdm6jl3b1b00-jetbrains-jdk-11.0.7-b64/lib/openjdk/lib/src.zip!/javafx.base" type="simple" />
            <root url="jar:///nix/store/96svqkh8dhddz0j7raykwdm6jl3b1b00-jetbrains-jdk-11.0.7-b64/lib/openjdk/lib/src.zip!/javafx.fxml" type="simple" />
            <root url="jar:///nix/store/96svqkh8dhddz0j7raykwdm6jl3b1b00-jetbrains-jdk-11.0.7-b64/lib/openjdk/lib/src.zip!/jdk.editpad" type="simple" />
            <root url="jar:///nix/store/96svqkh8dhddz0j7raykwdm6jl3b1b00-jetbrains-jdk-11.0.7-b64/lib/openjdk/lib/src.zip!/jdk.jartool" type="simple" />
            <root url="jar:///nix/store/96svqkh8dhddz0j7raykwdm6jl3b1b00-jetbrains-jdk-11.0.7-b64/lib/openjdk/lib/src.zip!/jdk.javadoc" type="simple" />
            <root url="jar:///nix/store/96svqkh8dhddz0j7raykwdm6jl3b1b00-jetbrains-jdk-11.0.7-b64/lib/openjdk/lib/src.zip!/jdk.xml.dom" type="simple" />
            <root url="jar:///nix/store/96svqkh8dhddz0j7raykwdm6jl3b1b00-jetbrains-jdk-11.0.7-b64/lib/openjdk/lib/src.zip!/java.desktop" type="simple" />
            <root url="jar:///nix/store/96svqkh8dhddz0j7raykwdm6jl3b1b00-jetbrains-jdk-11.0.7-b64/lib/openjdk/lib/src.zip!/java.logging" type="simple" />
            <root url="jar:///nix/store/96svqkh8dhddz0j7raykwdm6jl3b1b00-jetbrains-jdk-11.0.7-b64/lib/openjdk/lib/src.zip!/javafx.media" type="simple" />
            <root url="jar:///nix/store/96svqkh8dhddz0j7raykwdm6jl3b1b00-jetbrains-jdk-11.0.7-b64/lib/openjdk/lib/src.zip!/javafx.swing" type="simple" />
            <root url="jar:///nix/store/96svqkh8dhddz0j7raykwdm6jl3b1b00-jetbrains-jdk-11.0.7-b64/lib/openjdk/lib/src.zip!/jdk.charsets" type="simple" />
            <root url="jar:///nix/store/96svqkh8dhddz0j7raykwdm6jl3b1b00-jetbrains-jdk-11.0.7-b64/lib/openjdk/lib/src.zip!/jdk.compiler" type="simple" />
            <root url="jar:///nix/store/96svqkh8dhddz0j7raykwdm6jl3b1b00-jetbrains-jdk-11.0.7-b64/lib/openjdk/lib/src.zip!/jdk.dynalink" type="simple" />
            <root url="jar:///nix/store/96svqkh8dhddz0j7raykwdm6jl3b1b00-jetbrains-jdk-11.0.7-b64/lib/openjdk/lib/src.zip!/jdk.jconsole" type="simple" />
            <root url="jar:///nix/store/96svqkh8dhddz0j7raykwdm6jl3b1b00-jetbrains-jdk-11.0.7-b64/lib/openjdk/lib/src.zip!/jdk.jsobject" type="simple" />
            <root url="jar:///nix/store/96svqkh8dhddz0j7raykwdm6jl3b1b00-jetbrains-jdk-11.0.7-b64/lib/openjdk/lib/src.zip!/java.compiler" type="simple" />
            <root url="jar:///nix/store/96svqkh8dhddz0j7raykwdm6jl3b1b00-jetbrains-jdk-11.0.7-b64/lib/openjdk/lib/src.zip!/java.net.http" type="simple" />
            <root url="jar:///nix/store/96svqkh8dhddz0j7raykwdm6jl3b1b00-jetbrains-jdk-11.0.7-b64/lib/openjdk/lib/src.zip!/jdk.crypto.ec" type="simple" />
            <root url="jar:///nix/store/96svqkh8dhddz0j7raykwdm6jl3b1b00-jetbrains-jdk-11.0.7-b64/lib/openjdk/lib/src.zip!/java.scripting" type="simple" />
            <root url="jar:///nix/store/96svqkh8dhddz0j7raykwdm6jl3b1b00-jetbrains-jdk-11.0.7-b64/lib/openjdk/lib/src.zip!/jdk.httpserver" type="simple" />
            <root url="jar:///nix/store/96svqkh8dhddz0j7raykwdm6jl3b1b00-jetbrains-jdk-11.0.7-b64/lib/openjdk/lib/src.zip!/jdk.jdwp.agent" type="simple" />
            <root url="jar:///nix/store/96svqkh8dhddz0j7raykwdm6jl3b1b00-jetbrains-jdk-11.0.7-b64/lib/openjdk/lib/src.zip!/jdk.localedata" type="simple" />
            <root url="jar:///nix/store/96svqkh8dhddz0j7raykwdm6jl3b1b00-jetbrains-jdk-11.0.7-b64/lib/openjdk/lib/src.zip!/jdk.management" type="simple" />
            <root url="jar:///nix/store/96svqkh8dhddz0j7raykwdm6jl3b1b00-jetbrains-jdk-11.0.7-b64/lib/openjdk/lib/src.zip!/jdk.naming.dns" type="simple" />
            <root url="jar:///nix/store/96svqkh8dhddz0j7raykwdm6jl3b1b00-jetbrains-jdk-11.0.7-b64/lib/openjdk/lib/src.zip!/jdk.naming.rmi" type="simple" />
            <root url="jar:///nix/store/96svqkh8dhddz0j7raykwdm6jl3b1b00-jetbrains-jdk-11.0.7-b64/lib/openjdk/lib/src.zip!/java.instrument" type="simple" />
            <root url="jar:///nix/store/96svqkh8dhddz0j7raykwdm6jl3b1b00-jetbrains-jdk-11.0.7-b64/lib/openjdk/lib/src.zip!/java.management" type="simple" />
            <root url="jar:///nix/store/96svqkh8dhddz0j7raykwdm6jl3b1b00-jetbrains-jdk-11.0.7-b64/lib/openjdk/lib/src.zip!/java.sql.rowset" type="simple" />
            <root url="jar:///nix/store/96svqkh8dhddz0j7raykwdm6jl3b1b00-jetbrains-jdk-11.0.7-b64/lib/openjdk/lib/src.zip!/java.xml.crypto" type="simple" />
            <root url="jar:///nix/store/96svqkh8dhddz0j7raykwdm6jl3b1b00-jetbrains-jdk-11.0.7-b64/lib/openjdk/lib/src.zip!/javafx.controls" type="simple" />
            <root url="jar:///nix/store/96svqkh8dhddz0j7raykwdm6jl3b1b00-jetbrains-jdk-11.0.7-b64/lib/openjdk/lib/src.zip!/javafx.graphics" type="simple" />
            <root url="jar:///nix/store/96svqkh8dhddz0j7raykwdm6jl3b1b00-jetbrains-jdk-11.0.7-b64/lib/openjdk/lib/src.zip!/jdk.internal.ed" type="simple" />
            <root url="jar:///nix/store/96svqkh8dhddz0j7raykwdm6jl3b1b00-jetbrains-jdk-11.0.7-b64/lib/openjdk/lib/src.zip!/jdk.internal.le" type="simple" />
            <root url="jar:///nix/store/96svqkh8dhddz0j7raykwdm6jl3b1b00-jetbrains-jdk-11.0.7-b64/lib/openjdk/lib/src.zip!/jdk.unsupported" type="simple" />
            <root url="jar:///nix/store/96svqkh8dhddz0j7raykwdm6jl3b1b00-jetbrains-jdk-11.0.7-b64/lib/openjdk/lib/src.zip!/java.smartcardio" type="simple" />
            <root url="jar:///nix/store/96svqkh8dhddz0j7raykwdm6jl3b1b00-jetbrains-jdk-11.0.7-b64/lib/openjdk/lib/src.zip!/jdk.internal.opt" type="simple" />
            <root url="jar:///nix/store/96svqkh8dhddz0j7raykwdm6jl3b1b00-jetbrains-jdk-11.0.7-b64/lib/openjdk/lib/src.zip!/java.datatransfer" type="simple" />
            <root url="jar:///nix/store/96svqkh8dhddz0j7raykwdm6jl3b1b00-jetbrains-jdk-11.0.7-b64/lib/openjdk/lib/src.zip!/jdk.accessibility" type="simple" />
            <root url="jar:///nix/store/96svqkh8dhddz0j7raykwdm6jl3b1b00-jetbrains-jdk-11.0.7-b64/lib/openjdk/lib/src.zip!/jdk.hotspot.agent" type="simple" />
            <root url="jar:///nix/store/96svqkh8dhddz0j7raykwdm6jl3b1b00-jetbrains-jdk-11.0.7-b64/lib/openjdk/lib/src.zip!/jdk.security.auth" type="simple" />
            <root url="jar:///nix/store/96svqkh8dhddz0j7raykwdm6jl3b1b00-jetbrains-jdk-11.0.7-b64/lib/openjdk/lib/src.zip!/jdk.security.jgss" type="simple" />
            <root url="jar:///nix/store/96svqkh8dhddz0j7raykwdm6jl3b1b00-jetbrains-jdk-11.0.7-b64/lib/openjdk/lib/src.zip!/java.security.jgss" type="simple" />
            <root url="jar:///nix/store/96svqkh8dhddz0j7raykwdm6jl3b1b00-jetbrains-jdk-11.0.7-b64/lib/openjdk/lib/src.zip!/java.security.sasl" type="simple" />
            <root url="jar:///nix/store/96svqkh8dhddz0j7raykwdm6jl3b1b00-jetbrains-jdk-11.0.7-b64/lib/openjdk/lib/src.zip!/jdk.internal.vm.ci" type="simple" />
            <root url="jar:///nix/store/96svqkh8dhddz0j7raykwdm6jl3b1b00-jetbrains-jdk-11.0.7-b64/lib/openjdk/lib/src.zip!/jdk.management.jfr" type="simple" />
            <root url="jar:///nix/store/96svqkh8dhddz0j7raykwdm6jl3b1b00-jetbrains-jdk-11.0.7-b64/lib/openjdk/lib/src.zip!/java.management.rmi" type="simple" />
            <root url="jar:///nix/store/96svqkh8dhddz0j7raykwdm6jl3b1b00-jetbrains-jdk-11.0.7-b64/lib/openjdk/lib/src.zip!/java.transaction.xa" type="simple" />
            <root url="jar:///nix/store/96svqkh8dhddz0j7raykwdm6jl3b1b00-jetbrains-jdk-11.0.7-b64/lib/openjdk/lib/src.zip!/jdk.crypto.cryptoki" type="simple" />
            <root url="jar:///nix/store/96svqkh8dhddz0j7raykwdm6jl3b1b00-jetbrains-jdk-11.0.7-b64/lib/openjdk/lib/src.zip!/jdk.internal.jvmstat" type="simple" />
            <root url="jar:///nix/store/96svqkh8dhddz0j7raykwdm6jl3b1b00-jetbrains-jdk-11.0.7-b64/lib/openjdk/lib/src.zip!/jdk.management.agent" type="simple" />
            <root url="jar:///nix/store/96svqkh8dhddz0j7raykwdm6jl3b1b00-jetbrains-jdk-11.0.7-b64/lib/openjdk/lib/src.zip!/jdk.scripting.nashorn" type="simple" />
            <root url="jar:///nix/store/96svqkh8dhddz0j7raykwdm6jl3b1b00-jetbrains-jdk-11.0.7-b64/lib/openjdk/lib/src.zip!/jdk.unsupported.desktop" type="simple" />
            <root url="jar:///nix/store/96svqkh8dhddz0j7raykwdm6jl3b1b00-jetbrains-jdk-11.0.7-b64/lib/openjdk/lib/src.zip!/jdk.internal.vm.compiler" type="simple" />
            <root url="jar:///nix/store/96svqkh8dhddz0j7raykwdm6jl3b1b00-jetbrains-jdk-11.0.7-b64/lib/openjdk/lib/src.zip!/jdk.scripting.nashorn.shell" type="simple" />
            <root url="jar:///nix/store/96svqkh8dhddz0j7raykwdm6jl3b1b00-jetbrains-jdk-11.0.7-b64/lib/openjdk/lib/src.zip!/jdk.internal.vm.compiler.management" type="simple" />
          </root>
        </sourcePath>
      </roots>
      <additional />
    </jdk>
  </component>
</application>