<application>
  <component name="ProjectManager">
    <defaultProject>
      <component name="CheckStyle-IDEA">
        <option name="configuration">
          <map>
            <entry key="checkstyle-version" value="8.26" />
            <entry key="copy-libs" value="false" />
            <entry key="location-0" value="BUNDLED:(bundled):Sun Checks" />
            <entry key="location-1" value="BUNDLED:(bundled):Google Checks" />
            <entry key="scan-before-checkin" value="false" />
            <entry key="scanscope" value="JavaOnly" />
            <entry key="suppress-errors" value="false" />
          </map>
        </option>
      </component>
      <component name="ComposerJsonPluginSettings">
        <unboundedVersionInspectionSettings>
          <excludedPackages>
            <pattern pattern="roave/security-advisories" />
          </excludedPackages>
        </unboundedVersionInspectionSettings>
        <customRepositories />
        <composerUpdateOptions />
      </component>
      <component name="ProjectLevelVcsManager">
        <ConfirmationsSetting value="1" id="Add" />
        <ConfirmationsSetting value="1" id="Remove" />
      </component>
      <component name="PropertiesComponent">
        <property name="settings.editor.selected.configurable" value="preferences.pluginManager" />
      </component>
      <component name="SbtLocalSettings">
        <option name="projectSyncType">
          <map>
            <entry key="$USER_HOME$/projects/pveu/mini-search" value="PREVIEW" />
          </map>
        </option>
      </component>
      <component name="ScalaSbtSettings">
        <option name="customVMPath" />
      </component>
      <component name="VcsManagerConfiguration">
        <confirmRemoveEmptyChangelist value="1" />
        <option name="SHOW_PATCH_IN_EXPLORER" value="false" />
      </component>
      <component name="masterDetails">
        <states>
          <state key="ProjectJDKs.UI">
            <settings>
              <last-edited>1.8</last-edited>
              <splitter-proportions>
                <option name="proportions">
                  <list>
                    <option value="0.2" />
                  </list>
                </option>
              </splitter-proportions>
            </settings>
          </state>
        </states>
      </component>
    </defaultProject>
  </component>
</application>