<profile version="1.0">
  <option name="myName" value="pveu" />
  <inspection_tool class="MessDetectorValidationInspection" enabled="true" level="WEAK WARNING" enabled_by_default="true">
    <option name="customRulesets">
      <list>
        <RulesetDescriptor>
          <option name="name" value="Custom PHPMD rule set" />
          <option name="path" value="$PROJECT_DIR$/vendor/preisvergleich/library/build/phpmd.xml" />
        </RulesetDescriptor>
      </list>
    </option>
  </inspection_tool>
  <inspection_tool class="PhpAssignmentInConditionInspection" enabled="true" level="WARNING" enabled_by_default="true" />
  <inspection_tool class="PhpCSValidationInspection" enabled="false" level="WEAK WARNING" enabled_by_default="false">
    <option name="CODING_STANDARD" value="Custom" />
    <option name="CUSTOM_RULESET_PATH" value="$PROJECT_DIR$/vendor/preisvergleich/library/build/phpcs.xml" />
    <option name="EXTENSIONS" value="php,js,css,inc" />
  </inspection_tool>
  <inspection_tool class="PhpDivisionByZeroInspection" enabled="true" level="WARNING" enabled_by_default="true" />
  <inspection_tool class="PhpDocMissingReturnTagInspection" enabled="true" level="WARNING" enabled_by_default="true" />
  <inspection_tool class="PhpDocMissingThrowsInspection" enabled="true" level="WEAK WARNING" enabled_by_default="true">
    <option name="SKIP_ON_EMPTY_PHPDOC" value="false" />
  </inspection_tool>
  <inspection_tool class="PhpMethodOrClassCallIsNotCaseSensitiveInspection" enabled="true" level="WARNING" enabled_by_default="true" />
  <inspection_tool class="PhpMissingDocCommentInspection" enabled="true" level="WARNING" enabled_by_default="true">
    <option name="CHECK_CLASS" value="false" />
  </inspection_tool>
  <inspection_tool class="PhpMissingStrictTypesDeclarationInspection" enabled="true" level="WARNING" enabled_by_default="true" />
  <inspection_tool class="PhpNonCanonicalElementsOrderInspection" enabled="true" level="WEAK WARNING" enabled_by_default="true" />
  <inspection_tool class="PhpStaticAsDynamicMethodCallInspection" enabled="true" level="WARNING" enabled_by_default="true" />
  <inspection_tool class="PhpTraditionalSyntaxArrayLiteralInspection" enabled="true" level="WARNING" enabled_by_default="true" />
  <inspection_tool class="PhpUndefinedFieldInspection" enabled="true" level="WARNING" enabled_by_default="true">
    <option name="NOTIFY_ACCESS_VIA_MAGIC_METHOD" value="false" />
  </inspection_tool>
  <inspection_tool class="PhpUnused" enabled="true" level="WEAK WARNING" enabled_by_default="true" />
  <inspection_tool class="PhpUsageOfSilenceOperatorInspection" enabled="true" level="WARNING" enabled_by_default="true" />
</profile>